tweet,class
Jaman Nime Miss nini watu wangu wa Twitter .. haya hivi Lusako ni nani tujuzane?! maana niliona mkasa wa mapenzi hu‚Ä¶ ,NOT
amka asubuhi Piga mswaki nusu saa oga nusu saa Paka mafuta manukato yako safisha room yako fanya usafi fresh subiri‚Ä¶ ,NOT
 Vipi umepata BWANA?,NOT
 we unafanyaga ivo au unafanyiwa?,NOT
 Million 500 inaanza kutumika kwenye uchumba,NOT
sio buree kalogwaa huyuu,ABUSIVE
Hahahahaaaa moyo mashine atafanya maana tunapendana so wewe sur,NOT
siku hizi mtu akini whatsapp au kunitumia sms hata kupiga tu simu naona ila sijibu for a reason-)) people wil love‚Ä¶,NOT
ukiniona apa saa hii yan naumwa balaa üò≠ mafua makal ,NOT
"nimelelewa kinyanya kwel yan nikipata vumbi ata la shuka napata mafua makali .. nimeishi hivi kwa muda sasa n inaanza nikera, dawa ni nn?!",NOT
kuna wanaume nimepishana nao wananuka hivi mna matatizo gan na maji ?!,ABUSIVE
Unatuguezia kibao sisi tena!!!? ungewauliza haohao,NOT
Hahahah lool!!  üôÜ,NOT
 Ndio uanaume huo,NOT
 Kwetu Maji Ni Ya Kunywa Tuu Ya Kuoga Yanakata Vibe!!!Afu Kuoga Hiari,NOT
 Leo unajidai umepishana n,NOT
 Duh iyo kali; C ukamsafishe kama ananuka nyie wadada mkojeee,ABUSIVE
Hivi aliyekutoa bikra ni mwanamke mwenzako e,ABUSIVE
unapenda sana kuinamishwa iv unamatatizo gan nakifo chamende,ABUSIVE
 Diva kumbe na wew aunaga akili,ABUSIVE
 Pata OFA ya dikoda ya DStv ya HD + ufundi + Mwezi mmoja wa compact kwa Tsh 79,NOT
NB: Malipo ni baada ya kufungiwa. Karibuni,NOT
NB: Malipo ni baada ya kufungiwa. Karibuni,NOT
Sasa kwanini usimwambie? (Unakuja kusema uku..),NOT
 muulize bwana wako,NOT
Wewe msubiri atakayekuja kukuoa na mil 500...ndio umwambie huo ushuzi,NOT
Ungewauliza wenywe sasa unamuuliza nani??,NOT
 ao wanaonuka jasho ndo wanakufanya ww unabadili ad macho,ABUSIVE
 nyie wenyewe mnanuka sema manukato manayotumia yanawafichia aibu,ABUSIVE
 Sio wanaume tu,NOT
Hay tuambie ni Mbwega?? au Lwwmbano??,NOT
Atakuwa babaako,ABUSIVE
 Atakuwa babaako; hustle unanukiaje vipafyumu asee,NOT
 Labda walikuwa wamejampa üòÇüòÇüòÇ,NOT
 BABA YAKE JINSIA GANI,NOT
 Mbona na ww unanuka atusemi,ABUSIVE
 bumunda wewe,NOT
Mmh,NOT
Next Question ?; üôÑüôÑüôÑ,NOT
ksuJcbDjhd,NOT
 üôÑüôÑüôÑ;,
 Atakae kuoa c wa east Africa maana tushakujua tabia zako,NOT
Wewe mbona tumepishana unanuka mkojo nkutangaze?,ABUSIVE
 Basi hao wanaonuka ndio level zako! Uwaga unatafauta nini adi unakutana na wanaonuka? Kina jackline mengi na Ray c wa Paris awawez kukutana na wa ivyo sasa we unaangaika uku kwa wanaonuka ndo maana unakutana nao. That's your type you bitch! ,NOT
Ila mkiumwa michango mnaomba kwa wanukaji fame za kisee,NOT
Utakuwa Na Ngoma wewe.. Unapanic Sana!!!,ABUSIVE
 Acha kutuvunjia eshima,NOT
 Itakua katoka kumkaza demu mwenzio maana sikuizi mnanuka naili jua,ABUSIVE
 Hiki kizee kina nyege sana Pole aisee,ABUSIVE
 Diva unajikutaga nani vile?? Usikute wewe pia unaongoza kutoka jasho dar nzima,NOT
 We unaejishaua hapo unaweza ukajiku,NOT
"Bye Boss Ruge ... Mwanza then Dar Es salaam, Mungu tu atuongoze .... üòõ ",NOT
Nawatakiwa Wakristo Wenzangu Wote Tanzania Na africa ya mashariki and all over the world wenye imani  Mfungo Mwema‚Ä¶ ,NOT
Tuliambiwa tutakula kwa jasho ndomana tunanuka jasho ulitaka tunuke majitaka ya mtaloni au?,ABUSIVE
 Hv ww unaliwa na wanawake wenzio ama,ABUSIVE
 Ntakuja nikuendee kwa nije nikukunje hadi unye ww,ABUSIVE
" Ina maana wakina Bidozen, mchomvu...na wengine ndo wananuka.....?? Maana ndo ulipishana nao ofisini kwako...",ABUSIVE
 Tuko bze tunawatafutia ela za kufanya msinuke,NOT
 Nani ananuka.?! ,NOT
 Lakini pesa zao hazinuki ????,NOT
 Mfumo wako wa upumuaji mbovu ila haujui tu,ABUSIVE
 Waliokaa Jera Hao,ABUSIVE
" Afu  unazngua, kwaio wew hua unatembea ukichungusa wanaume, unataftia nn asee,",NOT
 Sisi tukisema mnanuka inakua offence,NOT
" Kuna manzi nlipanda nae costa, abanuka papa kinyama. Saingine ni hali ya hewa sio hawaogi.",ABUSIVE
 Usikute uliokutana nao hata tweeter hawajuiii so hukuuu hakuna jibu rudi tena kawaulizee uonee moto wakeee,NOT
 Ishu sio maji hata Wadada Wapo wanaonuka midomo vikwapa had k zao,ABUSIVE
 tunafuata maandiko maroli modo wetu yesu alipita juu ya maji musa akayatawanya hakuna aliyeoga apo,NOT
 Maji ya baridi????????,NOT
 Hao wanaume wapo wanakula kwa jasho lao au unataka wajimdoli kama wewe....mda mwingne mnajionaga sana mliopata....classes haina nafasi kwetu wajuba hao hawapo kwenye eisiiz kama nyie,NOT
 Hapa pana vitu viwili ,NOT
Tatizo lako unashindwa kutofautisha mtu mwanaume na mbuzi dume.wewe umepishana na mabeberu mawili yanaenda kuchinjwa,ABUSIVE
"Unapaka sana makeup so ikijichanganya na jasho la ngozi yako hiyo ngumu kama mamba unajua n watu uliopishana nao kumbe,unanuka mwenyewe",ABUSIVE
 Ila wewe mwanamke mungu atakupiga pigo takatifu kwa hizo nyodo za kipato chako,NOT
 Matatizo yetu ni kam yako tu ukitoa kope bandia kucha bandia na hlo wigi unabaki nyani jike,ABUSIVE
 Bora s tunanuka jasho afu mnanuka k*ma,ABUSIVE
 Baba yako ni mwanamke sio,ABUSIVE
 We kwani unatatizo gani na GK??,NOT
 You're the problem my dear..,NOT
 Halafu kesho unataka tukupe mimba dah!,ABUSIVE
 Kunukia ni kazi ya wanawake ndo wenye huo muda.. Mwanaume Wa kweli lazima unuke jasho .. Unanukia perfume afu unajiita mwanaume??? Something isn't right somewhere,ABUSIVE
 Hawa wanaume walikukoseaga nini jmn??,ABUSIVE
 Kwani unateseka mamilooo,NOT
 Mwanaume hanuki ananukia,NOT
 Many of them have never used a deodorant before,NOT
" Tatizo sio kunuka, tatizo kwa nini u-mnuse mtu? Ulikuwa unatafuta nin?",ABUSIVE
 Ungejaribu kulala nao uangalie Kama bado wananuka..,NOT
 Mwanaume rijali anatakiwa anuke Kama bebelu..,ABUSIVE
 Kawaoshe!,NOT
" Kikwapa ndio uwanaume halisi. Kama Beberu. Kuna wanawake hawalali usingizi Hadi asikie ""Kikwapa"" Cha njemba. Yaani ni nukato Dume.",ABUSIVE
 siumtaje tu ni ADAM MCHOMVU ??,NOT
 Wewe unamatatizo kwelii,NOT
 Mbna unapenda Sana kutuponda,NOT
 Diva ntakujibu jumamosi kesho ijumaa ntamkosea mungu wngu kenge ww????,NOT
 Mbona hata ww nimepishana na ww kageraa jana unanuka kwapa hatarii.??,ABUSIVE
 SIO KWAMBA ULIJIJAMBIA??????,ABUSIVE
 Ukiwa na matatizo ya pua unaweza ukawa unanuka wewe ukadhani ni harufu ya mwenzio,ABUSIVE
 Nadhani ni baba ako sababu ndio umepishana nae kwenu labda,ABUSIVE
 We mwenyewee huko uvunguni kunanuka balaa kwanza jipige middle finger unuxe utaona,ABUSIVE
 Umepitia mlango upi? Wa clouds au?,NOT
 Nimesikitishwa na kitendo cha uzalilishwaji wa kijinsia anao uendesha huyu ,NOT
 Mbona ww Jamaa kakuacha kwasababu K**a inanuka!. Nyani haoni kundule!!,ABUSIVE
 Ni body spray,NOT
" ??Ila 'Ngono' ina majina mengi, mara kwichi kwichi,kujamiiana,ku do,kunyanduana mara kutembea na mtu, Diva kaja na yake,anaita 'Kupishana'",NOT
 Na wewe unatatizo gani na kujisugua huko chini?????? Mwanaume siku zote yupo kazini we unataka anukieje sasa????????????,ABUSIVE
 itakua ni kule kagera ulivyoenda kwa ndugu zako nini dah! sasa matatizo ya ndugu zako unayaanika uku kweli!!?,NOT
 We n kumaa ehh!!! ?????????,ABUSIVE
 Saa ingine mtuhurumie siyo kutoa kashifa ukikuta mwanamke anatia urembo anakula vzr ujue mwanamme anapitia mateso na vikwazo vingi Sana,NOT
 Ndo wewe unataka M500 as bride price????????uh kumamake bora niputuke tu ila sikuchukui ata kwa laki,ABUSIVE
 Anapambana na maisha ndiomana ananuka,ABUSIVE
 Ingiza kidole kwenye quma yako afu ukinuse uone kama unanukia au unanuka kuliko hata hao wanaume ulopishana nao,ABUSIVE
 Kaoge kwanza,NOT
" Hapa kuna vitu Umesalitiwa na unaye mpenda, ",NOT
" Utakua umesahau kuosha papa lako hlo ndio linanuka,,, senge wew. ??????",ABUSIVE
 diva uwe bac unasema wanaume wa dar cio sis wa mikoan bhana kama unabisha ntakuagizia mimba online,ABUSIVE
 D˘uuuuh kumbe huwa unashudu kiasi hiki?,NOT
 Ulitaka upishane na harufu kama yako?,ABUSIVE
 Dada kwanza umekiosha kinembe chako vizuri maana joto hili la dar unaweza kukuta unatembea na dampo????????,ABUSIVE
" Papa Lako Ndo Linanuka, Kalioshe Vzr",ABUSIVE
 Naile sura yako pana kama Geti la Ikulu Afu siumetoka msibani wwe panya mashavu,ABUSIVE
 Maji yalikua maybe machafu,NOT
 kwan kiharufu unacho achaga toilet huwaga unapanga au ni hatuwez kupingana na nature,ABUSIVE
 Mbona wewe sura nzito hatusemi hyo sura kama ya baba yako uende kuirudisha,NOT
 Alfu maswali yako niyakawaida sana ila wanaoyajibu wanapanic,NOT
 Kunuka kawaida dada mbona wewe unanuka damu za bleed Kila mwezi na zinanuka vibaya kweli mbona sisi hatusemi wewe unajikuta nani kwenye ulimwengu huu mtumwenyew mfupi kama kikimba cha asubuhi kima albino wewe alafu ushakua unaelekea kuwa bib,ABUSIVE
 Na wanaonuka ndio wenye malali ya M500,NOT
 Acha matusi,NOT
" ""Tulia wewee sisi ndiyo wataalamu""",NOT
 Ila ww nawe kwa kupenda attention ya kuforce..khaa??!,NOT
  bro why hujaniambia kama umepishana na diva leo ?,ABUSIVE
 Grow up .... !!??,NOT
 Ww unadhani hizo pesa unazohongwa zinatoka wapi?? Kama na ww unahongwa lkn maana mpaka mtu mwenye akili zake akuhonge ww atakuwa amekosa wa kuhonga,NOT
 Unajivunia nn wew,NOT
 Tuko kweny mfungo wa kwarzm!! Plz naomb utuache,NOT
 Mbona wewe hunuka Bra na sijawahi sema siri zako,ABUSIVE
 Kenge maji,ABUSIVE
 Hivi ww mdada ulizaliwa kwa muunganiko wa sperm na yai(ova) au umefanywa kwa kutengenezwa...mbna unadharau chanzo chako....fuck you,NOT
 Jiulize kwanini Beberu huwa ananuka,ABUSIVE
 Nikweli wapo diva mpaka juzi tumempeleka mchon kumwogesha ????????,ABUSIVE
 Amna maji yansabbxh tuwe na ngoz lain xx sisi httk,NOT
 Tatzo ni ww uliyejipulizia malashi ya maiti,ABUSIVE
 Kama ck ile wew ulivokuwa unanuka kwenye msiba wa Ruge kule kagera,ABUSIVE
 Anataka comments tu uyu pimbi,ABUSIVE
 Ww aliyekutuma uwanuse nani?!!!!??,ABUSIVE
 Umekutan mjin hap au uliopolewa na mhuni toka Buza we mbwaa,ABUSIVE
 Yaani toka tumegoma kuowa mkolechi imekuwa nongwa kwanini unalazimisha bifu na wanaume? Si ujioe kama ulivyotutangazia hizi ni dalili za umalaya,ABUSIVE
 Pumbavu zako hao ni WAVULANA,ABUSIVE
 Una mimba ww ....????,ABUSIVE
 Diva nafikiri majibu umeyapata uliza swali lingne,NOT
 we utakuwa unasagan we sio mzima kbx,ABUSIVE
 Ukitaka kujua wanao nuka duniani niwanawake (1) wantembea na pedy sehem ya Siri mbili wana toka jasho 24 hrs tatu Wana wana jipodoa mwisho swali kwa diva unapata mwanaume lini au ndoa yako lini wazuri wajiuza wabaya wajitembeza jiangaliye ul,ABUSIVE
 ?????? hujawahi kuwa na akili,ABUSIVE
 Eeh embu angalia vizur maan yawezekan unayemdhania ananuka kumbe wew ndo muhusik unamsingizia broo wawatyu...,ABUSIVE
" Watu kama hawa ndo wanasababisha ile ""research ya katika kila watanzania 20 watano wana shida ya network iwe VALID "" nadhan huwa unatafta attention sana through this ili upate fame milleage.",ABUSIVE
 Nani wa kutoa milioni 500 kwa hizi ndala,NOT
Tunamfanyaje huyu?,NOT
 Mwacheni huyo yuko na stress za kupata bwana anayenuka 500m hivyo lazima abwabwaje tu,ABUSIVE
 We tushakuzoea sjui wanaume tushakukosea nin,NOT
" Ngoja kwanza,twende pole pole wananuka nini?jasho,mkojo,kinyesi ama nini?dadavua kidogo",ABUSIVE
 Tunaogopa kunuka maji ndo maana hatuogi nadhani sauti iko sawa,ABUSIVE
 Endelea tuu kutafuta Attention ya watu.. Utapata unachokitaka ??,NOT
 ila pesa zetu zinanukia balaa,NOT
 tuko bize tunatafuta zile 500millions kwaajili ya kukuoa.,NOT
 Hao wafanyakazi wenzako wa clouds,NOT
 Huyu ndo wa zile million 500!? Au shil 500.,NOT
" We una matatizo gani na kufake mwili Wako MAra wigi, kope.. Hujielewi na hujihamini",ABUSIVE
 Angalia hilo sura. Ndio level zako hizo ndio maana unanuka nao @abdulazackabdul njoo unisaidie huyu ni nani?.. kwako @mwlkashasha,ABUSIVE
 Tukioga ndio kipato kinaongezeka?,NOT
 Ndo tatizo la Kudate na Vitoto vya Miaka 19 visivyojielew unaona kila mtu ananuka tuu.,ABUSIVE
 Ni yeye uliyepishana nae,NOT
 Sisi n mabeberu ww jike tulia,ABUSIVE
" Hili si doli hili, uwezo wa kupata harufu linautoa wapi?",ABUSIVE
 Hukujamba kweliii....??????,ABUSIVE
 Njoen mlickie hili bumunda lataifa limelopoka tena huku??,ABUSIVE
 Tumepishana mida ya kazi,NOT
 Ukiona hivyo alikuwa anatoka kwenye mbunye isiyooshwa,ABUSIVE
 Tatizo hilo.analo baba tu na si wanaume wote,NOT
 Nimeshajua huwa anafanya makusudi tu hamjamuelewa nyinyi,NOT
 Diva ujue we taira km mataira wengine,ABUSIVE
 Jipake hiyo harufu ugumba utakutoka,ABUSIVE
 hajapigwa mgelegele huyu anadhani kila mti ni mbuyu,ABUSIVE
" Tulizana mtoto, tunasaka pesa tuje tukuhongee..",NOT
 Busy kuzichanga,NOT
 Tutanuka lkn hatushindi harufu ya hilo kuma lako,ABUSIVE
 Yaani wewe loh,NOT
 Afadhali wanaume anaenuka kuliko ww unaevuja dam kilamwezi ,ABUSIVE
 Mnatuambia tutafute hela sasa hizo hela tunazitafutaje bila kuvuja jasho.acha kututafuta bana mbona umetuandama wakurungwa.,ABUSIVE
 Anasema mwanamke anayenuka mbunye,ABUSIVE
" Wewe hyo m.500 Ina kusumbua , weka dau Dasi yani (5,000) chap tu Mabaharia Tupo",NOT
" Mwanaume kuoga wakati hujafanya chochote, hayo ni matumizi mabaya ya maji????",NOT
 Na baba ako pia akiwemo kumbuka,NOT
 Ndo uwanaumme mbona ata beberu hunuka ndo tulivo pia inategemea na mishe mwanaume anazopiga,ABUSIVE
 Iyo ndo SIFA kuu ya MWANAUME........mm nakatiza2 ???? @bob_mchelsea,NOT
 Wew mbona unanuka uchi hatuongei,ABUSIVE
 wananuka ajee!? ??,NOT
 Nyie hamunuki,NOT
 Daaah m inakuwa ngumu kuwajibia mana wao ndio wanamajibu sahihi,NOT
 Mwanaume atakula kwa jasho wacha anuke,ABUSIVE
 Tatizo lilianzia hapa baada ya kuvua mask,NOT
 Ngoja nimalize kula utanitambua,NOT
 at ww pua ako inamatatzo inanusa vp wenzake,NOT
" Wee kaa uchi na hao uliopishana nao wakae uchi. Uone inzi ataanza kutua wapi, ndio utajua nani ananuka kati yako na wao!??",ABUSIVE
 Ss no km mafuta hatuchangaman wacha tunukie ubeberu tuu ????,ABUSIVE
" Sasa si ungewaambia,unawaacha wanaenda haya sasa humu hata hawapo,ujumbe utawafikia je?",NOT
 Hujawaona vizuri Watakuwa wameshikilia mapumbu ya baba yako mkononi mwao hao wanaume,ABUSIVE
 si kwani tunawaza iyo tabu unaiona ww,NOT
 Kmmk olewa tu utakufa kibudu wew,ABUSIVE
 We ni lazima unaishi jirani na dampo,ABUSIVE
 utakufa na hicho kiburi ndio utakua mwisho wako,ABUSIVE
 Huyoo ndo mwanaume sasa sio kimwanaume chako kinanukia hadi tunakitamani Kupita nacho,NOT
 Kwann unatembea kwa miguu?,NOT
 Kati ya sisi na nyie nani wananuka swine wewe,ABUSIVE
 Hata ww unanuka km huamini weka kidole chako pale kati alafu nusa utapata jibu...mpuuzi was mashaka ww.,ABUSIVE
" Breech mechanism hyo,hembu tuache aisee,hyohyo ndio aliesababisha akaja duniani leo ananuka daah....kweli sio kila mzee anabusara??????????????????",NOT
 Tunawanyonya sana mnatuambukiza harufu zenu,NOT
 Watakua wanafanya kazi clouds media,NOT
" We kila siku wanaume Wananuka, are you sure is not the other way around?",ABUSIVE
 Kwani wakinuka pesa wewe unateseka nini haswa?,NOT
 Acha matumi mama wewe,NOT
 Unateseka sana we kibibi,NOT
 Wameshindwa hata kusugua na makoko hayo makwapa yao #somethingsill,NOT
 Umepishana na Crazy GK LABDA,NOT
 Mabwana zako wananuka sio,ABUSIVE
 Una uhakika kuwa ni wao wanao nuka,NOT
" Mbona na ww unanukaga sema tunakukaushia tu, we unadhani ile harufu ya period uwa hatuisikii? Tunakaushaga tu ili ujione na ww ni thamani kdg, maana najua ww unapendaga praise",ABUSIVE
" Mi nawashauri ndugu zangu. Huyu mtu msi ""like, retweet wala comment"" itasaidia Sana kuacha kutuma Utumbo wake huu. Nyie someni Kisha sepeni. Atabadirika mwenyewe!! (Nime comment ili nifikishe ujumbe lkn sio kuchangia mada ya mtoa post.)",ABUSIVE
 Wewe mwenyewe hakuna mtu anaweza kukaa karibu yako unanuka mdomo anaekuvua nguo anakuvumiliaga tu ????????,ABUSIVE
 Tia kidole Chako kwenye uchi wako kisha nusa yawezekana ni harufu yako mwenyewe,ABUSIVE
" sijaona uzuri wa huyu dema kabisa,kila kitu fake.",NOT
 Sababu ya upungufu wa akili labda angekuwepo Ruge amwambie diva anza kutumia akili usipost ujinga mitandaoni... pengine ndio angeweza kujielewa na post zake za kikuhadi ...ila kwa kua hayupo hawezi kuja kuwa na akili huyu.,NOT
 Asa una muuliza nani?? Wakat hao watuu ushapishana nao...Idiot,ABUSIVE
 Ni ya chumvi,NOT
" Kuzaa utazaa tu na watakaokufanya upate ujauzito ni hao hao wanaume, sijui nini kinakufanya unawakashfu kiasi iicho usitukane wakunga na uzazi ungalipo wee binti",NOT
 Umejinusa lakn labda sio wao ni wewe,ABUSIVE
 umenisikitisha sana,NOT
 mishavu imelegea wew ????,NOT
" Wewe mwenyewe uliwahi kusema hupendi kuoga mara kwa mara, mashauzi yatakuua wewe mwanamke",ABUSIVE
 The same! K?? yako inanuka Sana aisee??,ABUSIVE
 Ni kweli uyasemayo au ndo zile chuki tuu baada ya kikao chetu cha kugomea kutoa Million 500 kwa kununua sura ya kufanana na tikiti maji ????????,NOT
 Ndio aina ya wanaume unaovutiwa nao,NOT
" You really need to see a doctor, that can be a sign critical mental disorder.",ABUSIVE
" Mbwa weee Kunuka kwao ndo wanakutaftia hela ,unaposema Tuma na ya kutolea uwe na huruma",ABUSIVE
" Wwewe mpuuzi sana,na u ta tanga sana na hii dunia,Mwanaume kazi lazima anuke jasho nk. We tegemea hicho kisima chako kimeshatibuka hutamuona mtekaji",ABUSIVE
 .....sa si ndio,NOT
 Hujapishana na Emmanuel lema kadonya ??,NOT
 Itakua waltoka kazin mdahuo huo,NOT
 Wananuka wananukia?,NOT
 yakunuka,ABUSIVE
 Mbna nyie mnanuka pussy na tunawavumilia??,ABUSIVE
 Unazigua!!! Bila hao wanaume ungezaliwa ww,NOT
 Hatuna tatizo na maji ila tuna tatizo na kunguru anaye washangaa kunguru wenzake kula mizoga ??,ABUSIVE
 tuliumbwa kwa udongo ,NOT
" Wanaume si watu wa urembo kama nyinyi mwanaume ni kazi 85%hivyo usishangae kunuka kwake ,na ndiyo nyie mnasema tuma na ya kutolea?",ABUSIVE
 We mwenyewe unanuka mawigi.,ABUSIVE
 Wananuka kama wewe tuuu,ABUSIVE
" Sema unajua kunusa, why not mind your business? ??????",NOT
" Some men are hydrophobia,,I being one of them",NOT
" Nyama choma haioshwi bwana, alafu kilichokuleta buza kwa miguu ni nini? ????",NOT
 Kuna wadada nimepishana nao Jana nikatema mate wana makalio lakin KWA ile harufu htA nyuma sikugeuka????,ABUSIVE
 ?????? naikonda iyo ni mbama najua ndogo swahili,NOT
 Muulizeni yeye anabarisha chupi Mara ngapi kwa Kama siyeye anaye nuka kila mara mwanaume tafauti Sana mwanamke hebu jaribu kushinda bila kuonga uone shombo yake,ABUSIVE
 Bili ya maji hujaiona?,NOT
 Sema hukua makini tu yawezekana chupi yako ilikua upande,ABUSIVE
 Sabuni na vinukio ndio shida yetu..kama nyie kwenye naniu,NOT
 Wanaume wote waliokupitia wanasema wewe kinuka mkojo na harufu yako kama ya ule mtaro wa tandale kwa tumbo . Sasa harufu yako mwenyewe unasingizia wanaume.,ABUSIVE
 Wakulungwaaaa,NOT
 Kwani wewe unavyonuka hiyo kitu baada ya Mechi una tatizo gani?,ABUSIVE
 Kwanza ungeanza kumuuliza baba yako akikupa jibu ndiyo hilo hilo linawahusu wanaume wote,NOT
 Kumbe x wako ndo una mchana kijanja,NOT
 Uyi dem ni mngese jamani khaaa,NOT
 Nawe k yako bado inanuka kama zaman au,ABUSIVE
 Hako kaharufu.. Wife materials ndio huwaga wanakaelewa...,NOT
 Wako wangapi hao wanume,NOT
 Unawasema wafanyakazi wenzako sindio,NOT
" Me nadhan washkaj wanaokutia ndo wako ivo coz huish kujilalamisha mara wananuka boxer, mara mdomo leo tena jasho...duu unakwama wap we kobe",ABUSIVE
 wewe mbona K yako ina nuka sisi atu kutangazi,ABUSIVE
 Kwan walikuomba uwanuse sjui wewe kikojozi una shida gani,ABUSIVE
 Kama papuch yako inavyonuka,ABUSIVE
" Mwnaume hanuki jasho,ananuka nguvu ????",NOT
 We mwenywe unanuka... Una matundu kila sehemu sasa nan ananuka zaidi kama sio wewe,ABUSIVE
 Ndo haoo wanakugonga jitie kidole Kisha inua juu utamwona inzi Ina Mana nawewe unanuka k we,ABUSIVE
 Utakua tu hupatani na pafyumu walizokua wamejipulizia,NOT
 Umepishana nao vp wakati wew upo kwenye gari na wenzio wanatembea na miguu??????????,NOT
 Tena ww ukishinda juani kutwa sipat picha shombo lake ??????????????????,ABUSIVE
 yani haka ka kima kangezaliwa kazuri hata kumfikia mke wangu naona tusinge hata kula hap Tr,ABUSIVE
 Hivi ww ushajinusa harufa yako,ABUSIVE
 siunge wauliza?,NOT
 Ile harufu yako ya kisamaki imeisha,ABUSIVE
 Wameoga jasho,ABUSIVE
 Asante kwa matusi yako lkn jasho letu linakufanya upendeze apo,NOT
 Ni hao ulio pishana nao dad,NOT
 Hapo utakuwa wewe ndio ulikuwa unanuka K na ulijamba bila shaka acha kusumbua watu humu,ABUSIVE
 Na wewe kumbe unatembea kwa miguu mama?,NOT
 Huyu anawashwa,ABUSIVE
 Maji ya dar yana chumvi,NOT
 subiri nawe muda wako utafika wala hutojua,NOT
 Unatukana tunaokuweka mjini bwege wewe!! Au umesahau ulikuwaga na baba,ABUSIVE
 Ile Siku Ulijamba Pale Mbagala Mtoto Akapiga Chafya Kuna Mtu Alitweet ???????,ABUSIVE
 Mmh maji yp hoyo,NOT
 Falaaaa,ABUSIVE
 Mfu ulie hai unajiona kana kwamba baba ako alichangia miti wakati Mungu anaumba mbingu na ardhi na vilivyomo,ABUSIVE
 Ulitumwa kuwa nusa na inatuhusu nn,NOT
Wewe unaoga mara ngapi kwa siku kama wewe ni mwanamke unayejitambua ili tuanze conversation,NOT
 We matako yanakuwash,ABUSIVE
 Wakati anakuja kukuhonga hutasikia hiyo halafu.,NOT
 Kama dampo la chanika limehamia clouds sipingani na wewe,ABUSIVE
 Mm kilio changu ni kwa nyie wanaume wa Dar..... Hii pimbi mnailea kwann?,ABUSIVE
 Kikubwa uhai tu,NOT
 Haohao ndo wanakugeuza ww,ABUSIVE
 Yaani wewe kwa jinsi unavyofatilia harufu za wanaume ungekuwa jeshini ungekuwa kwenye kikosi cha mbwa maalum kwa ajili ya kunusa mabomu yaliotegwa,ABUSIVE
" Itakua kuma yako ndo ilikua inanuka, yaan nipo kwenye mchakato wa kukupata hata kwa ma milioni lengo nikudhalilishe fala wew",ABUSIVE
" Huna akili , mwanaume hanuki ananukia ??",ABUSIVE
 Ata uwe msafi vp UKIJAMBA UWEZIKUVUA NGUO usiukumu wengine nawe hautoukumiwa unaonaje kibanzikilichopo ndani la jicho la nduguyo angali ufikili boliti ililopo ktk jicho lako basi ukitambua ivyo ata wwe unanuka cozi kilamwana damu na halufu y,ABUSIVE
 eeeeeeh dah qumqqqqqqqqkkk nyokoooo,ABUSIVE
" Acha zarau diva dunian tuna pita maisha haya ,",NOT
 Huyu limbukeni kachanganyikiwa??????,ABUSIVE
 Mbona wewe ukiwa ile siku unanuka watu awasemi,ABUSIVE
 Wqna matatizo km ulonayo,NOT
" Hatuna mda wa kuoga, tupo bize kutafuta mil 500 za mahari",NOT
 Kawachotee maji Ukawaoshe.! Kwa ni Tatizo liko wapi.?,NOT
 Unanusa wanaume umekuwa mbwa wewe au unatafuta nin,ABUSIVE
" Afadhari hata sisi vidume,weeusipoosha hilo shimo kwa kutwa moja tuu yao viza linaafadhari.",ABUSIVE
 Maji bhana si kitu kizur,NOT
 Huyu mwanamke anajua sababu gani watu wamemtumia na kumuacha bila kumuoa? Ana sura na umbo zuri ila ana maji mengi sana hadi analowanishaga kitanda. Yaani ukilala nae ni kama amejikojolea kitandani. Pili ana shombo fulani kama ya nguruwe. Ta,ABUSIVE
 Tatzo liko kwako unatumia chemicals hivyo ukipishana na wanaume ambao ni anti cosmetics reactions ni lazima hasa ukianza kutoa jasho. Ole wako unyeshewe mvua,ABUSIVE
" Kwanini unaendeleza tabia yako ya kuwanusanusa wanaume? Juzi uliwanusa miguu na viatu, leo tena, sijui kesho utawanusa wapi!",ABUSIVE
 Uliuliza wanatoka wapi??? People hustle unaongelea harufu ...... Duh,NOT
 Mbn nyinyi wanawake huwa mna harufu mby ukeni tena wa muoekano wako lkn wanaume tunavumilia tuu afu,ABUSIVE
 sikufichi una sura nzito ka wimbi LA uji ila ujijui tuu,ABUSIVE
 Mwanaume kunukia muda wote huo ni udada,ABUSIVE
 Maji ni muhimu kwa kupokia ma kunywa tyu hayo mengne ADDITION,NOT
 Takataka wewe ,NOT
 Pesa yangu lini?,NOT
 Na Mimi nimepishana na mwanamke ananuka sijui mnakwama wapi,ABUSIVE
" Tunanuka Kweli, Rakini Tuna Kizazi Wewe Je? ??????",ABUSIVE
 Wananuka kama ile harufu ya baba yako si ndiyo?,ABUSIVE
 Tukioga tunawashwa,NOT
" Wameoza ama nini? Au,umeshindwa kung'amua harufu zao?",ABUSIVE
 ??????si upo KAMACHUMU watu wametoka kupalamia Migomba uko,NOT
 Maji yenyewe yananuka,NOT
 Bora wakiume akinuka inaelezeka... umewahi jishtukia wewe unavyonukaga... utahama dunia,ABUSIVE
" My sister day to day goes you mental breaking down, be care finally you will be crazy",ABUSIVE
 Uache kunuka wewe mwenye donda ndugu unawasingizia wanaume.Kaoge ulale nyau wewe.,ABUSIVE
 Yaani mwenyewe nimepanda mwendokasi hapa Morocco kuna jamaa nahisi ananuka gari nzima,ABUSIVE
" inakuaje kwa wanawake wanonuka ukeni na mwanaume kunuka jasho,, inakaaje apo wapwaaaa",ABUSIVE
 Kwanii we iyoo k* yakoo huwaga una isafishaa kwel maana mmmmmh,ABUSIVE
 ttz ulio kua nae haku kazi vizuru ndomana una kua una wasema sn wana ume,NOT
 ata baba yk pia ita kua ana nuka,ABUSIVE
 Acha ukongoni ww,NOT
 Imeandikwa MWANAUME atakula kwa JASHO??,NOT
 Komaaaaaa na mtindi wako kama unanyonyesha paka wa bar!,ABUSIVE
 Wametoka kazini mama ww subir ya kutolea,NOT
" Umepishana nao au umelala nao, kuwa mkweli Dada. Unapigwa"" dungus"" na wanuka vikwapa siku hizi. Umeisha wewe huna lolote miguu utafikiri ni meddie kagere.",ABUSIVE
 Wananuka kazi hao sio mekap,NOT
" Maisha kuvumiliana dada, tukisema tukwambie ukweli kuhusu muonekano wako, unaweza fungua kesi ya money laundry",NOT
" jitie kidole kwanye hilo li KUM,,lako ndo utajua hao wanaume wananuka au wananukia! we ungekua haunuki ungekuwa unatiwa then unatupuliwa mbali,,,????",ABUSIVE
 Yenu tunawasitili tu hatuwasemi kwa sabab tunajielewa,NOT
 Laiti ungelijua kwamba mwanke hutoa harufu mbovu ungeliacha mdomomdomo Malaya mkubwa,ABUSIVE
" tuna matatizo ya kifamilia na maji, unatakaje?",NOT
 Wewe hunuki?,NOT
 Ungejaribu kuchunguza vizuri chupi yako huwenda ilikuwa imekaa vibaya ndo mana harufu,ABUSIVE
 Mwaka huu utapata tabu sana  maana wa kukuoa hayupo Utabaki kugongwa kisela tu. Frustration and loneliness havitakuacha salama.,ABUSIVE
 Unaumwa nn,NOT
 Yanawasha,NOT
 We unatafuta kiki hakuna kingine mpumbavu usiyejitambua we,ABUSIVE
 Baba ako alipotoka jela ameacha kuoga? Mbona unamsema Sana.,ABUSIVE
 Wewe huwa una shida gani na wanaume maana kila siku unawalaumu tu hauna boyfriend dada? Kama unae basi tulia nae basi sio kuwachunguza men wengn na wenyewe ni wa wadada wa watu,NOT
 Wapwa kitu msijokijua kwangu ni kwamba mkijichanga kwa kunipa 10000 me diva namuua,ABUSIVE
 Weweambaye unanuka K....??,ABUSIVE
 Eti 500Ml ?????? labda kambale wawili kutoka mto Malagarasi,NOT
 atuna ugovi na maji bali majukumu makubwa tulio nayo,NOT
 Unafikili pesa zinatoka mkundu?,ABUSIVE
 Tunanuka kwa jasho la kazi bibi,ABUSIVE
 Siku nyingine achaga kunusa watu,ABUSIVE
 Ndo maana ivo ivoooo,NOT
 Kwanza alie kwambia useme mbele ya wanaume nani unajua najiuliza jeuri iyo umetoa wap,NOT
 Purely nonsensical observation!,ABUSIVE
" Utakua na nyota ya kondoo si bure mana muda Mwingi wanaume wanaonuka mara viatu vyao mara vikwapa,Ndio type yako hiyo! Au unakutana na wabeba mkaa?",ABUSIVE
 Pale kwenu,NOT
 Matatzo ya mapua yako ya kunusa nusa,NOT
 Mil 500 eee unasumbuwa bwabmna wako uyo mwambie akonge,NOT
 Kuna kitu unakitafuta kwa wanaume,NOT
 Tabia yako ya kuwasema wanaume.. Kuna Siku utakuja upigwe mtungo ndo utajua hujui ??,ABUSIVE
 bora wewe unapenda wanao nukia,NOT
 Kupaka wese??????,NOT
 Unatuwaza Sana inaonekanaa,NOT
 Sio lazima kuoga mwenye shida ya kuoga oga ni mwanamke sie ni wanaume,NOT
 Hebu jitie kidole alafu weka juu uone kama nzi hawaji,ABUSIVE
 Hyo mimba changa yako inakusumbua wewe...,ABUSIVE
" Mwanzo nlifikiri unamaanisha, but nowadays nimetambua kuwa kuponda wanaume ni kiki yako mpya. Haitustui!!!!!",NOT
" Hivi diva, Yule Heri muziki kunuka miguu ndo kulisababisha ukamuacha???",ABUSIVE
Emb nipe extent yake yakunuka miguu.,ABUSIVE
" Women glow, Men perspire",NOT
 Hivi huyu diva anamtukana Baba yake mzazi,NOT
 Unge wauliza wao sas unakuja kutuuliza cc huku kwani tulikoweko au ndo kutafuta kutuchosha akir zet to!!,NOT
 Diva Basi toka mwaka 2009 mpka leo unatusema tunatfautiana,NOT
" Duuuh bibi ushazeeka kubali tu, your time is up. Stop seekin attention",NOT
 mwanaume huna hela unaoga ugundue nini...,NOT
 Kwani uliwanusa wa Nini na wewe????,NOT
" Uje wewe ni Mtu mzima, Embu ongea Mambo yakiutuuzima basi",NOT
" Ndiyo unatueleza kuwa umetembea na wanaume wa type hiyo, kweli wee Kahaba!",ABUSIVE
 Even ww Kuna kitu kwenye mwili wako akikosawa pia. ??,NOT
 We mbona hupati mwanaume wa maana sababu ya harufu inayotoka huko chini.. unafeli wapi na wewe?,ABUSIVE
 Wanataka uwaogeshe ??,NOT
 Shirikisha Akili acha kutumia tumbo kufikiri heshimu utu wa watu alafu ukisema wanaume je nawanaume wakisema pata tosha kweli?acha ujinga jitahidi kuhudhuria kicheni pati zitakuidiaga lau ujielewe kidogo.,ABUSIVE
 Inawezekana kuna tatizo katika mfumo wake wa ngozi,NOT
" Sister huu n uzalilishaji, umejiuliza wanafanya kazi gani? Wametoka wapi? Imagine umepishana na mfanyakazi wa Dawasco katoka kurekebisha septic, ulitka anukie perfume?",NOT
 wewe mwenyewe papa lako linanuka,ABUSIVE
 mbona we unatoka bleed una tatizo gani,ABUSIVE
 Kunakazi ngumu ukifanya hata perfume hushindwa kujidhirisha inaambatana na jasho ...vumilia tuu,NOT
 Kula yenyewe tuliambiwa kwa jasho sasa unazani kama kula tunakula. Kwa jasho itakuwa kutembea tulia wewe mwanaume kunuka ndio mpango wa mungu tena kaa kimya????,NOT
 Jinuse labda ulikuwa unanuka wewe maana mwili wa binadamu unuka,ABUSIVE
 aliwazalo mjinga ndilo linalomtokea,ABUSIVE
 Tunakuachia wewe ambaye usipo oga siku moja tu unanuka kama kafa panya,ABUSIVE
 Hiyo arufu c unaipata baada ya kufukuliwa mtaro wako... We changu usituzoee kabisa ss wanaume...,ABUSIVE
 Sema wanawake ndo mnanuka balaa sema sie wanaume tunawasitiri tu.,ABUSIVE
 ..Kula lazima kuoga hiari..,NOT
 Wewe pamoja na usafi wako wote ulionao tukikuchovya mara moja tu lazima itatoa harufu ????,ABUSIVE
 Waulize 'na wanawake wenzio kwa nini wananuka k?shida nini tukianzia 'na wewe,ABUSIVE
 Wananuka nini fafanua,NOT
 Alipishana na mshua,NOT
 Ulikuwa unafanya nn maeneo ya wanaume wanaonuka? Aren't u supposed to be near men who can afford 500 million,NOT
 Baby usituseme kumbuka tunategemeana,NOT
" Falaaaaaaaa divaaaaaa, mbon juzi ulikuwa unanuka sikukwambia Afu ubadilishe chupi siyo moja tu ile nyeupe",ABUSIVE
" Msimpe airtime malaya low life kama huyu, anakuja na vi bogus story vya kuudhi makusudi anajua mta overreact na yy apate airtime",NOT
" Ndo maana huolewi nguchiro ww, wanawake wenzio akina Barbara, dj sinyorita, many baby ,Geah ,Husina na jembe letu meena Ally hawako Ivo, fika mahala jiheshimu",ABUSIVE
 Subiria Uletewe Mil 100! Acha Kelele,NOT
 kwann na ww una matatzo gani  anakupokonya bwana,NOT
 Shenzii,ABUSIVE
 Unaishi sehemu gani? Tatizo laweza kuwa ni huo mtaa au maeneo unayotembelea,NOT
" Achana na wanaume ,na hao hao ndo wanakuchafuaga.",ABUSIVE
 Hata upande wa pili upo hivo hivo tu... alaf sasa ishu sio maji ndo hapo,NOT
 Wanawake wasio orewa huwa wanamatatizo kwasbabu kila mwanaume anakua.anamufahamu,ABUSIVE
 nawashangaa wanakomaa kukujibu we mbuzi,ABUSIVE
 Hebu nusa Uke wako Kwanza Alafu utupe Taarifa,ABUSIVE
 Unaweza ukajitima maji mpaka n ukaendea kunuka,NOT
malaya kunuka wewe,ABUSIVE
 C ukamsafishe kama ananuka nyie wadada mkojeee,NOT
 Hivi aliyekutoa bikra ni mwanamke mwenzako et,ABUSIVE
 unapenda sana kuinamishwa iv unamatatizo gan nakifo chamende,ABUSIVE
 Diva kumbe na wew aunaga akili,ABUSIVE
 Sasa kwanini usimwambie?,NOT
 muulize bwana wako,ABUSIVE
 Wewe msubiri atakayekuja kukuoa na mil 500...ndio umwambie huo ushuzi,ABUSIVE
 Ungewauliza wenywe sasa unamuuliza nani??,NOT
 ao wanaonuka jasho ndo wanakufanya ww unabadili ad macho,NOT
 nyie wenyewe mnanuka sema manukato manayotumia yanawafichia aibu,ABUSIVE
" Sio wanaume tu,hata baadhi ya wanawake ukiongea nae utasikia harufu inatoka mdomoni kama mayai viza yamepasuka mdomoni mwake",ABUSIVE
 Mmmmmh sometimes tusipoteze muda wa kubishana na mataahira .na yeye atakufa tu,ABUSIVE
 Shida sio maji tunatafuta na zakutolea,NOT
 Eh mwenyezi tunakuomba chukua hii mbwa mwitu turudishie Kobe na mangwea,ABUSIVE
 Diva unanuka haja,ABUSIVE
 Me pia nmepishana na wanawake wananuka kwani mnamatatzo gan na maji nyie,ABUSIVE
 Itakuwa ni wanaume wa Sports Extra hao si ndo unapshana nao ktk vpnd?? ,NOT
 Atakuwa babaako,ABUSIVE
 hustle unanukiaje vipafyumu asee,NOT
 Labda walikuwa wamejampa ??????,ABUSIVE
 BABA YAKE JINSIA GANI,NOT
 Mbona na ww unanuka atusemi,ABUSIVE
" Ananuka NGUVU, au alikuwa ananuka nini?",NOT
 Eehh kwani umeisi mwanaume ni samaki mbaka azoee maji,NOT
 Ata na wewe unanuka tena sanaa tu,ABUSIVE
 Sauti unayo nzuri hilo sipingani nalo ila nishawahi kutana na wewe na unanuka mdomo balaa nikahisi ndo manaa wanaume hawadumu na wewe kwenye mahusiano,ABUSIVE
 Kunuka ni kawaida kwa wanaume dada....mbona ss hatushangai wanawake kunupa bambucha,ABUSIVE
 You never know itakuwa unanuka ww,ABUSIVE
 Tunamatatizo ya kudet na wanawake mnaonuka,ABUSIVE
 Kumbe ndomana ww diva watu wanakufaya jamvi wanakutia tia vidole wanakuacha,ABUSIVE
 Wanaume kazi,NOT
 Nadhan mbak ifik 2025 kweny million 500 itabak mia tani??????,NOT
 Hahahaha mbona wewe unanuka jamani si unavumiliwa tuu halafu navile unahela yakudangia viperfume havikupigi chenga????,ABUSIVE
" Hata wewe kuna wanaokuona unanuka, HEBU KITIE KIDOLE UNUSE UTUAMBIE UMEONA NINI",ABUSIVE
 Hata nyie mbona mnanuka k kwan mnamatatzo gan na maj??,ABUSIVE
 Hao nimabaharia,NOT
 Mbona wewe uko na UTI hatusemi. Tuache bn.,ABUSIVE
 Hivii divaa una nini lakin????,NOT
 Acha matusi hata wewe unanuka,ABUSIVE
 tunanuka pumbu jua kali achana na sisi??,ABUSIVE
 Kamuulize baba yako atakupa jibu,ABUSIVE
 Duuuuh na umemsaidiaje?,NOT
 Toka wamemkwich kwich na baba Lao wakamwambia ananuka sahv anawaona wanaume wote wabaya,ABUSIVE
 Uyo ndo mwanaume beberu mtafutaji unae mwambia tuma na yakutolea,NOT
 wananuka nini sas,NOT
 Ungewauliza,NOT
 Unateseka na Nini,NOT
 Au mwenzetu unatafuta kiki upate follows nyingi kwa Jambo lisilo na kichwa Wala miguu,NOT
 Yaani Mtu akikusikiliza Sauti Kwenye Vifaa Vyetu Na Akikuona Atakimbiaa Au Kuzimia Kabisa ????????,ABUSIVE
 Hao wanaume wanaonuka unakutanao wapi Kama sio mdangaji??????usitangaze ujinga wako hadharani,ABUSIVE
 Dah ya mtu kama huyu hapati like wala retweet wala comment katika post kama hii...Mtaona kama atarudi siku nyingine,NOT
 Wananuka Kama kuma yako,ABUSIVE
 Diva Acha Uongo!!!! Tumepishana na wewe ndo unanuka Sio Kwamba Sisi ndio tunanuka ??????????,ABUSIVE
 Yaan weweee??????????,NOT
 Utajuaje kama we ndo ulijamba,ABUSIVE
 Sisi Wanaume ni MAITI zinazotembea.,NOT
 Atakae kuoa c wa east Africa maana tushakujua tabia zako,NOT
 Wewe mbona tumepishana unanuka mkojo nkutangaze?,ABUSIVE
 Basi hao wanaonuka ndio level zako! Uwaga unatafauta nini adi unakutana na wanaonuka?,ABUSIVE
 Ila mkiumwa michango mnaomba kwa wanukaji fame za kisee,ABUSIVE
 Utakuwa Na Ngoma wewe.. Unapanic Sana!!!,NOT
 Acha kutuvunjia eshima,NOT
 Itakua katoka kumkaza demu mwenzio maana sikuizi mnanuka naili jua,ABUSIVE
 Hiki kizee kina nyege sana Pole aisee,ABUSIVE
 We unapenda kunukia sn kwa umeolewa na jini???,NOT
 Diva unajikutaga nani vile?? Usikute wewe pia unaongoza kutoka jasho dar nzima,ABUSIVE
 We unaejishaua hapo unaweza ukajikuta kila dakika unajipulizia unyunyu kwasbb unanuka na kila dakika unatokwa maji chini,ABUSIVE
 Babaako mwanamke sio?,ABUSIVE
" Fuckin,unadhani hzo ela tunazikojoa",ABUSIVE
 Dar ni ngumu sana hiki kipindi,NOT
 Ahahahahhahaha mabaharia hao,NOT
" Diva as day's goes, unapoteza credibility yako kwa post zako, kiaina watu hatu zipendi",NOT
 Iv ww akili zak zip wap??????,NOT
 Yan ww every after 5 min unanuka dada angu acha maringo me ntanuka jasho ww utanuka hd pu**,ABUSIVE
 Wewe mungu anaweza kukuonesha kitu hapa duniani ...ukakosa msaada na ukahitaji watu wakukwamue ikashindikan kwa upuuz usiojielewa unazungumza na kwa uwezo wake litakukuta tu mimi SIKUPENDI,NOT
 Huyu hajielewi,ABUSIVE
 Watakuwa watangazaji wenzako wa cloud fm1??,NOT
utakua umewajambia au wamekugusa ndo maana wananuka,ABUSIVE
 Unamaanisha wanaume unaofanya nao kazi hapo clouds media group au coz cc huku hatujapishana na ww kisonono,NOT
 acha ujinga pumbavu nn,ABUSIVE
 Tuna tafuta hella !! Kila mtu ashinde match zake,NOT
 Mie ni mwanaume na tabia hii mie pia sipendi yani mtu unanuka halafu sasa harufu yenyewe sio ya jasho kwanza sio harufu ni uuvundoooo,ABUSIVE
" Nanuka jasho ,ila mfukoni ninanukia,??",NOT
" Tangu lini ""Beberu"" akanukia",NOT
wanaume Jitahidin sana kuwa mnatembea na Pipi kifua kinywa kisitoe Harufu,NOT
kiukwel kabisa hakuna mwanaume anaenda mtembelea mwanamke na kuvua viatu bila harufu ya miguu,NOT
 Unao kutana nao wewe ndo wananuka soski na kwa hadhi yako unawatoa wapi watu wa hivyoí? ????,NOT
 cheee .......likojeeeee iliiii..,NOT
wengi wa wanaume wanaowaambia wanawake wanadanga ni wanaume wasio na Pesa za Kuwahudumia,NOT
wanaume wengi wa Tanzania Hulala bila Kuoga !.,ABUSIVE
Haya Maisha Usijifanye we fundi sana unajua kulia kitandani Hawa wanaume hawadanganyiki dada,NOT
ukinyimwa tabia ukapewa shepu dada ringa,NOT
 ????wee unaringa na huna tabia wala shap,NOT
Nimejiuliza sana hivi wanaume mnapoamka na mwanamke ambaye sio mkeo kitanda unacholala na mkeo huwa mnawaza nini,NOT
nasikia nina mume uku twitter? una hela? umemaliza chuo au ndio ungaunga mi stak shida bana hakikisha unajiweza hasa,NOT
Kama Jana Hujapewa Maua Basi Dada Imeisha Hio,NOT
"kuna watu hawajatumiwa maua, hawajaenda dinner, wala hawaambiwa i love you baby, cha kuumiza zaid hata emoji ya kop",NOT
tena wanitag kabisa wanipe followers maana mi mshipa wa kujal ulikatika kitamboooo,NOT
"ujinga ni kukaa na kujibizana na kijana wa Twitter anaeishi choo cha ku share, level up",ABUSIVE
yan vile naumia kusoma kufanya mitihan na kulala for 3 hrs afu mwanaume aje anataka kunioa kaishia form 4,NOT
 Pumbu zako weweee,ABUSIVE
 Pimbi wewe,ABUSIVE
 Bora nibami Single kulikuwa na mwanamke kichefu chefu kama wewe,ABUSIVE
 Mbaya kama bagia Nani atakae kuowa sauti unayo sura huna tako huna kile kitoto kilikuacha ulishinda unalia kama umefiwa ?????? kunguru wew,ABUSIVE
 Kwamba kinachofuata ni Mikasi au?,NOT
 Nini et; Safi sana Dr ,NOT
 Mkuu mm nipo urambo ..nahtji kufnya kilimo Cha kisasa ssa shida ni mtaji wa water pump Kama sham,NOT
 Wewe ujitokewa kwenye uwaziri lazima upande mahakamani kwa ufisadi.;,NOT
Watafute miradi yao kwani wamezuiliwa?! Maisha ni choices you make ,NOT
"Sehemu kubwa ya vitu hivi nilivifanya kabla ya kuwa Mbunge! üòÄKimsingi Ubunge umenichelewesha. Nilipofikia sifanyi kazi ili nipate chakula, nafanya ili kuleta mabadiliko kwenye jamii yangu. Mwingine atasema hiki ni kiburi ama majivuno, lakini Ndiyo ukweli ",NOT
" Doctor ww ni mwanasiasa, maneno ya mwanasiasa sio ya kuamini. Ww pokea maposho na salary, kopa wisely sababu una privillage lakin VIJANA KUPATA AJIRA NI JUKUMU LA SERIKALI. TATZO AFRICA VIONGOZ NI WAKIMBIA MAJUKUMU.;",NOT
 Ok si Bado ,NOT
Huna la wema. ,NOT
 Kufurahisha watu kazi sana üòÇüòÇ; üòÇüòÇüòÇ;,NOT
Nimesema sikuwahi kuajiriwa. Huamini? üòÄ,NOT
 Na sasa?; Hata ubunge na uwaziri umejiajiri.;,NOT
 Acha kupotosha watanzania uliwahi kufanya mgodini ukafukuzwa ,NOT
 üòÇüòÇ;,
 Where did u get ur capital to do all that then ??;,NOT
Watu wenye chuki na roho mbaya huwa hawakosi maneno. ,NOT
 Hatu kama hawa huwa hawakosi ata mambo ya msingi wao ni kejeli tu;,NOT
" M mwnyw nimejiajir ktk kilimo cha nyanya tu ,huu ni mwaka wa pili matokeo na mabadliko chanya nayaona na ctaman kuajiriwa.kwahyo atae kuamin atbamin asotaka mwac",NOT
"Siyo hiyo kampuni, hizi kampuni. Mimi Nina group of companies kabisa. Vipi, ulikuwa unanichukulia poa sana nini? Mimi mpiganaji bro. Naongea maisha niliyoishi siyo theories ",NOT
 Kigwanomics....  üòÅüòÅ; Ww Una kampuni Gani bana acha kutuzuga wenye Kampun sis tunawajua acha hizo;,NOT
 Yaani mtu una group of companies kubwa unaenda ajiriwa ... Ni sawa na Bakhresa aende kuajiriwa ... Hata hao wak,NOT
Kila siku naongea haya. ,NOT
 Binafsi nakubaliana na wewe sababu hakuna aliyefanikiwa chini ya jua kiraisi bila kupitia magumu! Tatzo baadhi yetu  tunapenda kutoa lawama kwa watu waliokwisha fanikiwa pamoja na viongozi! Na hii inatokana na mfumo wa elimu kuilengesha akil,NOT
"Kwenye maisha yangu ndoto yangu haijawahi kuwa kutafuta mali/utajiri, maana kufikiri hivyo ni kufikiri kwa akili ndogo. Mimi huwaza na kubuni namna ya kutatua changamoto kwenye maisha ya jamii yangu yote. Ubunge ni fursa kwangu ya kuijenga upya Nzega yetu na wala siyo ajira ",NOT
"Mimi sikuwahi kupewa mtaji. Nilitengeneza mtaji! Ungeuliza swali hili ningekupa mawazo. Kwa kiasi kikubwa kuanza biashara ama kiwanda zaidi ni kuwa na wazo na kulisimamia na wala siyo kuanza kuwaza mtaji. Ukiwa kwenye Safari ya kutekeleza wazo lako, utapata mbinu za kupata mtaji",NOT
 Mh nadhan kuanza kiwanda ni mtaji. Mimi nmekuwa na wazo la kuanzisha kiwanda kwa miaka takriban kumi ila sijapata hela. Wazo linaanza kufa sasa. Binafisi yangu mtaji huwa ni kila kitu.;,NOT
 Blabla nyiiiiingi;,NOT
 Somo zuri ,NOT
"Wewe unajua mitaa ya Nzega. Pengine unajua nyumbani kwetu. Paliwezaje kutoa mtu kama mimi kama siyo miujiza tu? Mimi nimepambana sana pengine kuliko wewe, nimepitia shida sana. Ninachoeleza ni uhalisia na ukweli wa mambo, mwenye sikio na asikie. Mwenye kiburi aendelee kuvimba! üôåüèæ ",NOT
 Dr kumbe umepitia hali ngum eeee; Ko tuache mjadala tuu suluhisho ni kujiajir eeee;,NOT
" Hakuna Kiongozi hapa, unemployment ni suala sensitive Sana huwezi Jibu kwa akili mdundio kama hizi .. nalia na tanzania kufikia kuw",NOT
"Michael hunijui vizuri. Kabla ya Ubunge nilikuwa na kampuni yangu binafsi na sikuwahi kuajiriwa kabisa. Pili, ninamiliki chuo cha afya na mradi ukikamilika tutakuwa na hospitali hapo. Tatu, mimi ni mkulima, mfugaji, mfanyabiashara ya mazao na mmiliki wa viwanda, mabasi n.k. ",NOT
 Thanks Mr kwa kutuelewesha tupe mtaji sasa;,NOT
naweza kujituma pia lakin hili suala kila mtu anasababu zake ila wengi #mtaji ndio changamoto kubwa sana;;;;;;;;,NOT
 ü§£üòÇü§£üòÇ ety msema kwel...daaah,NOT
 Kifupi we ni mjinga akili zako haziko sawa sio bure nina mashaka uwiano kati ya elimu yako na akil zako,NOT
 Sasa wewe inayakiwa uanze kufukuza wafanyakazi wote ulioajiri kwene miradi yako na wao wakajiajiri alafu ndo uje kwetuüòé,NOT
 Sasa mkuu kama ni kweli unamiliki ivyo lakini kwa nn uajiliwe sasa iyo ni tamaa au ni kubania nafasi wengine tu.,NOT
 Jitahid umiliki na hotel la utalii nikiwa na ela nije. NikuungisheüòÄ,NOT
 Mimi sierewi kwani ukiwa mbunge umeajiliwa?,NOT
 Na hiyo kampuni TRA washaichunguza  kama LUGALO au mpaka utumbuliwe ndo inakuwa inachunguzwa üòÄüòÄüòÄ,NOT
  Nakupata sana Mh huwa nakufuatilia Jinsi unavyo mwaga mawazo ya Fursa kwa sisi vijana,NOT
 Tatizo letu lilipoijia ni kwamba wakati wa Mh. Rais Jk walisoma watu wakihakikishiwa ajira Hapo sasa.;;; Wazir ni mtu mkubwa! Hapaswi kuja kutaja list za utajir wake huku ,NOT
 Nshimba ng'osha,NOT
 Hongera sana mheshimiwa;,NOT
 Siasa nikwa ajiri ya kitafuta connection serikalini ili hata ukianza business zingine ziende vizuri ndo mana watu kama kina MO walifanya siasa wakaweka pembeni leo ni billionaire wa kwanza TzüòÇüòÇ,NOT
 Tatizo unajimwambafai Sana braza Kigwa! Kule WAMA si ulikuwa umeajiriwa wewe au Ile nayo ni taasisi yako!? Hayo mabasi cjui chuo yamekuja baada ya kupokea mishahara kote huko ulikoajiriwa! Na hata huo ub,NOT
Majanga majanga majanga; Mtaji uliupata wapi hile direct from school??? Hoja tafadhari zinaweza kutusaidia.;Å;,NOT
 Hk company ulimwengu wa TataüòÅüòÅüò,NOT
 Kampuni pendwa ya usafiri wa mabasi yenye fujo isiyoumiza; Inamana mkuu kigwa,NOT
ulipomaliza tu MD ukafungua mamiradi yote hayo,NOT
je kwa sasa mwanafunzi aliemaliza kadigirii kakae huku anamkopo anaweza kufungua hayo mamiradi bila ya kua na chanzo au mtaji.; Ila huwezi kua mfano wa kuigwa kwa watu kama bado uko mtumishi wa umma,NOT
 hakua na shida ya ubunge wala ukuu wa mkoa na mafanikio yake yanajulikana,NOT
 hapo stil pamoja na mali zako bado huwezi kuaminisha watu zaid ya kuonekana fisadi; Hongera!!; ;,NOT
 Kwann usingeendelea na kujiajiri had ukaamua uajiriwe tu?;,NOT
 Kumbe wewe ni tajiri aisee...mali zote hizo bro.,NOT
 Hujajib swali la msingi,NOT
 kwnn umeajiriwa?!; Hana PHD uyu ni muhuni muhuni tu;; Fix;,ABUSIVE
 Ahahahaha kigwa Hawa nzige wa chadema wasumbufu nduguyangu,ABUSIVE
 Ukooo vizuri boss# we wa kuigwa #kwakoweww gettinghired is particular rather than general#; Mh  ,NOT
Hebu fikiri kama kila mtu akikataa kuajiriwa na kuamua kujiajiri nini kingetokea kwenye hizo biashara zako?; Je,NOT
 hivyo vyote vilikuja kabla ya kuajiriwa au baada?;;;,NOT
 Kwahiyo  unataka nn ni vyako kivyako vyako saw mjomba üòÅüòÅüòÅüö∂üö∂,NOT
; Mbona bado unapambana kila mwaka kubaki kwenye uongozi uendelee kuwa mtumishi wa uma ili ulipwe mshahara na serikali? Achia ngazi jiajiri na mwaka huu staafu ubunge? Au madaraka ni matamu brother?,NOT
 Sasa unabana ajira kwawatu wasio na uwezo wa kufikiri kukua wewe unauwezo na kwanini uajiriwe kama sio unafiki mfano wakina mengi wangeweza kuajiriwa pia lkn kwakua walikua wanauwezo wakujiajiri hawakuajiriwa same to mo,NOT
 Daaaaa.!!!,NOT
Nimeshampata mtu wa kumkopa aisee.!!,NOT
Broo  please nikopeshe basi hata 7m kaka,NOT
 Nitakurudishia mdogo mdogo.!!üôèüôè; Kwa hiyo unatambia utajiri ulionao sio! Unautumia kukandamiza wenzio wakoswe ajira,NOT
Mungu ni mwema atakunyoosha utabaki mweupee Kama ulivyotoka tumboni mwa mamaako.;;,NOT
 Asipotoshe uma kama ana hayo yote kwa nini hakubaki huko kuyaendesha kwa 100%  ?Aliona kuwa kwenye siasa (ajira)kunalipa zaidi watakuskiliza mazezeta tu.,NOT
 Swala la Michael eb liache mkuu,NOT
 unaonaje ukiswitch back to ur professionalism  Kisha tukapige zetu major round au hata kuzama theatre kabsa!!;; N;;,NOT
 Kumbe mradi hujakamilika unasubiri kiinua mgongo Cha ubunge,NOT
 Vyote hivyo ulivipata kabla ya kugundua hii siri ya utajiri ktk siasa?;,NOT
 Mheshimiwa kigwala kuendelea kubishana na sisi uku mtandaoni ni unajishushia heshima tu kujianika ushauri wangu Bora ukae kimya tu,NOT
 Kwann usiviendeleze hence job creation ukakimbilia ubunge means umeona hakulip heri uajiriwe maana miongon mwa myth za ujasiriamali ni elimu mheshimiwa we umesoma sana kiasi kwamb unareason kila kitu huez kua mjasiriamali mkubwa ila unaweza ,NOT
Na hivi vyote ulivovisema humu kwenye kiapo cha Utumishi vimo ulivihainisha kweli!;;,NOT
 Umekuwa mbunge na waziri kwa miaka mingapi?,NOT
; Sasa ubunge wa nn kama vyote unavyo? Au ndo kujificha kua na uhuru mambo yako na biashara zako zcfuatiliwe na mamlaka?,NOT
 Kwendraaaaaaaa; OK ,NOT
una chuo cha afya! Huenda ndio chanzo cha figisu kwa Dr Mwaka wakati ile sio?; ,NOT
 Sio unajisifu tuone mpambanaji haswa kumbe umewezeshwa hebu tupe na historia ya familia yako ulipotoka; Dr. Bado kuna n.k. tena  ü§£,NOT
 Mkuu umeombwa utuwekee fom ya maadili uliyoijaza wakati ulipopata ubunge iwe kizibitisho kuwa tayari ulikuwa namali hizo ulizonazo mbona lahisi tu mh,NOT
; Mr huoni pia ni vyema na haki ukaachia ngazi ujikite ktk hizo kazi zako binafsi,NOT
 ili mmoja asie na kazi aajiriwe ktk nafasi uliyoko!!!; bezi huko huko mzeee nafas hizo muwaachiee mabao hawana kitu sasa kila kit ww wangine wafanye nn;  ,NOT
ukifungua hospital niajir üôèüèø; Mwambie akuache kidogo;;,NOT
 Mkubwa Rara ya mshahara ulipwe wakujilipa hata haunogi,NOT
; Naomba kukutana nawewe mh tafadhal kwa namba zangu 0757003635 napenda San kujiajiri,NOT
 Mh.upo kwenye lile kundi linalokataa mwanasiasa asiwe mfanyabiashara,NOT
huku kwenye vyeo mnajua mnavyotumia vyeo vyenu kufanikisha yenu; ;,NOT
 Tata za HK wa mboka tunazielewa Izo ü§ì,NOT
 Are we discussing on how we can empower youth to employ themselves or we are discussing about personal accomplishment? ü§îü§î i think we are out of context,NOT
;; Hamisiiiiiiiiii he he he he he....,NOT
 Sijaelewa  unamiliki chuo cha afya au unajenga chuo cha afya?!! ,NOT
 Intellect is greater than Education,NOT
 mjivuni;;,NOT
Kabla hujafungua mdomo kuongea lazima ushirikishe na ubongo kwanza kile utakacho nena kwa kuangalia crowed itapokeage uliyozngumza angefaa uzngumze @moodewji ,NOT
Bakhresa au Diamond ambao wamejiajili,NOT
Lkn siyo wewe uliyeajiliwa na wanainchi; Amakweli;;,NOT
 Nyie wanasiasa na wasomi mnatuchanganya wananchi mnataka tujiajiri wakati nyie mmeajiriwa na mko kwenye ajira kama mnaona ajira siyo nzuri acheni hiyo ajira mliyonayo tuje kupambambana mtaani muone jinsi   watanzania wanavyoteseka. Kwanza mf,NOT
 sa kama vyote hivyo unavyo na umeajiri watu,NOT
 kwanini uliingiza miguu kwenye ubunge na akati ungewaachia watu wengine hizo nafasi walau na wao wakajaze matumbo yao..?  Tatizo hua mnakua na Mitamaa sana.  au biashara unazofanya ni magumashi umeamua kujitengenezea kichaka..?;,NOT
 Embu kanusha kwanza kwamba huna PHD bro...umeongea yote ila tuclear kwanza hilo la PHD...üòÉüòÉ; Mkuu mie nimejifunza kitu hapa,NOT
 japo changamoto ni mtaji lakini yapasa tufunge mkanda kutafuta ili tuweze kuwa katika nafasi fulani hasa To Be Innorvative;;,NOT
 Vipi kuhusu mtaji kaka maana wengi tuna jituma mpaka kulima bustani kwa kufuata kanuni na taratibu walau mahitaji ya kidhi ula wapi tufunulie kurasa hapo kaka; Xax c uache uawaziri kwann unaung'ang'ania au wizara hiyo unaiweza w,NOT
 My super star usipoteze muda wako kumjibu mtu anaejua ila anajifanya hajui,NOT
#kazikaziboss#;  hongera. Tunatoa hongera inapostahili. Japo hatuwezi kusema mimi na wewe ni sawa na mtu wa Hali ya chini sana kimaisha; asiye na opportunities tulinazo au elimu yetu. Tuwe considerate of the most unfortunates in the society.;;;;;,NOT
; Maskini akipata mat......ko hulia mbwata,NOT
 Sasa kama una viwanda. Vyuo. Mabasi. Na makampuni....sasa unaajiriwa na serikal ili iweje?..sindio uongo wenyewe huu..,NOT
 Sasa waachie wenzako ubunge acha kujilimbikizia mambo,NOT
 Sasa mjomba so urudi kwenye chuo na Basi yako huku umekuja kufanyann,NOT
 Kwa kiongoz wa kweli kabisa anaweza kua na mali na miradi mingi ila lengo likawa ni kuongoza watu kutoka kweny umasikin kwenda juu.Iyo sio dhambi ila kama lengo likiwa ni kinyume ni tatzo,NOT
 Hamis acha uongo,NOT
 sasa kama una mirad yote hyo kwa nn ww na mkeo wote mmeajiliwa?? Nini shida?;;,NOT
 Mheshimiwa naomba idea na namna ya kutoboa,NOT
 Mh.una hoja nzuri lkn umeshindwa kuiweka vizur,NOT
hiv imagine wewe una vyanzo vyote hivyo lkn bado huachi kuajiriwa,NOT
utamshawishije kijana ambae hana hata kuku ajiajir wakat wewe unaogopa kuacha kuajiriwa na una mali kibao?kwa tafsri ndogo,NOT
ajira ndo kila kitu,NOT
 mnataka muajir wenu tu; Mpwa nafasi usiachie ila tupe ajira vijana!;;;;;;,NOT
 Niajili bc kwenye mladi yako ! Maana hatuwez wot kujiajiri bro,NOT
 Umasikini mbaya sana.,NOT
 Sasa kumbe una mikazi yako yote hiyo huku kwenye ubunge si uachie wenzako jmn nao wapate riziki tuüòÇüòÇüòÇüòÇ,NOT
 Na kwny kampn y mama Salima ulikua umewaajili ww sio?,NOT
 Mi bado ckuelewi,NOT
 Bwana Hamisi Mtani wangu... I think it would be wise kuanzisha workshops na hata kufundisha watu kwa vitendo hiyo falsafa yako ya kujiajiri ili mtazamo ubadilike na si kauli ambazo ni kama zinabeza. You have great opportunity kuleta mapinduz,NOT
 anzisha small workshops; Mwambie kijana hakujui;,NOT
 Ndio maana nikawaambia vijana wenzangu achaneni na Hamisi,NOT
 nilishawahi kuona picha akiwa na ma ngombe makubwa kama tembo yale nyama zake haziuzwi hapa bongo,NOT
 anzeni na mtaji mdogo pls hamisi ni Tajiri huko ccm anajificha tu.;,NOT
 Sina uhakika kama kweli ivo alivoorodhesha amevipata kabla ajawa mbunge au waziri üòÇüòÇ asilimia kubwa ya iyo miradi cjui ni viwanda vyote itakuaa baada ya kupata ubunge na uwazir mana hana uhakika kama 2020 atapita salama ü§£ü§£ ko ame,NOT
Umesema kuwa hujawahi kuajiriwa je  wakati unamaliza chuo ulikuwa na mtaji  au ulipewa na mzazi wako?.Je ulishawahi kujiuliza juu ya huyu mtoto wa mama mjane na masikini alisesomeshwa kwa msaada wa serikali na wakati huo familia inasaidiwa kwa hela za TASAF.;,NOT
 Who knows? Huenda aliamua kugombea ili kusaidia maendeleo ya watu wake ili wafanikiwe kwa pamoja sio kila anaegombea anataka kuongeza pesa,NOT
 matajiri na wenye kipato kikubwa hugombea ili kurahisisha biashara zao na kuzipatia kinga haswa kwenye kodi na uendeshaji wake. I'm out;,NOT
 Fact; üëçupo vzr mheshimiwa;,NOT
 Unajua ukishafanikiwa na ukawambia maskin wote itabid mfanikiwe,NOT
 apo unakua unakosea kikubwa waambie nn wafanye ili wafanikiwe,NOT
 shida so kujiajili shida n nn wafanye ili kujiajili kwao kulete tija upande wao,NOT
 kama ambavyo ww ulifanikiwa katika kujiajili kwako; ;,NOT
 mkuu piga kazi mbona unaandika sana twitter siku izi na malumbano ni mengi kwann..shida nn mkuu?,NOT
 Muheshimiwa ila hela zakuanzisha hiyo miradi yote uliyonayo si uliipata baada ya kuajiriwa.....???,NOT
 Ebu nipe siri mimi ambaye Sina kazi wala mtaji ntawezaje kufikia mafanikio kama yako nakumiliki vitu vyote  tajwa hapo juu. NAWASILISHA HOJA;,NOT
 Still the fact remains,NOT
 bado umeajiriwa chief!; Tweet zako n kama umetumwa na mtu  kuangalia reactions za watu . asante;;;;;;;,NOT
 Mimi ni mwajiri wako hata km na wewe umeajiri wengine kwenye kampuni zako.,NOT
 Maskini akipata kazi yake ni kusimanga maskini na kuwaona hawana maana tena.,NOT
 Nikiwa mkubwa nataka kuwa kama ww kaka; Tuliolamba msitustopishe kwanza,NOT
 Mh. Hujawai kuwa doctor mwananyamala? By the way huo mtaji wa kufungua kampuni tunautoa wap kwa uchumi huu,NOT
 Siumeajiriwa na wananchi lakin??,NOT
 Yaani! Katika mawaziri vituko huyu ndio kituko namba moja,ABUSIVE
 Safi sana mkuu wangu,NOT
 ni vyema ukajikita hapo.; Duu nimejalibu kupitia pitia maoni mengi naona ni wivu wa maendeleo na hakuna binadam anaye kutakia mema;;; Yani unazingua mtu ajiajiri vipi ni fresh graduate .Hana kiwanja ,NOT
 DaaaahüòÇüòÇüòÇ sas mungu akupe nn??? Project zote izoo bado ukaajiliwa ten.....!!!,NOT
 Ulipaj kodi n haki na n sheria kwa kila mTanzania..... Unaorodhesha miradi na wakat unakimbia kulipa kodi? Unaviiiiiimba kungun wew na wakat hayo yote umeyapata ukiwa umeajiliwa!!! Lipa kodi panya buku wewüòÇüòÇüòÇüòÇüòÇüòÇüòÇüòÇ,ABUSIVE
 unamiradi na bado umegandaa kwenyee ajiraa!!tokaa kwenye ubunge na uawazirii waachiee vijanaa wadogoo wajikwamueee kwenyee huoo ubungeee then waweee kamaaa wewe!kwenyee jimboo lakooo wanaotaakaaa hiyooo nafac wapo zaidi ya vijanaa 600!!;; Ok known; muheshimiwa ww ni mkubwa na kiongozi acha nao ao watu wanaokuchokoza.,NOT
 Mwiz tu huyo!;,ABUSIVE
 Tunaleewaaaa kwa hulkaa ulionayooo unajihic ww in muhimuuu sanaaa kwenyee jamii yakooo huwezi tokaaa ubungeee BT tambuaaa hakuna mtuuu muhimuuu kwenyee hiii duniaaaa!!!kilaaa mmojaaa anaa responsibility zakeee;@HK,NOT
huwa wanakupima 2 hao ww fanya kz 2 usiwajibu.;;,NOT
 Hapo ndo jibu gumu,NOT
 Hon : kigwangala naona unajimwambafai braza,NOT
 Unatuchanganya huku mtaani hatuelewi;;,NOT
 Mambo mengine tunafumba macho tu siku ziende maana hii ndo serikali ya Tanzania,NOT
" Endelea Kufanya Kazi zote Halali kwa Bidii.;""",NOT
"Wenye akili watachukulia mjadala huu wa ajira kama wake-up call kushtuka na kufikiri kwa kina zaidi juu ya namna ya kujikomboa, watafanya ubunifu wa namna ya kuishi na watafanikiwa; wapumbavu wataendelea kumtukana na kumshambulia msemakweli! #NjeYaBox #HK",ABUSIVE
 imetokea nafsi ya kuwa waziri amechaguliwa..hato Mo tuseme aliajiriwa?;;;,NOT
 Huchoki kutema pumba tu Mzee baba - Kwanza umeshamuomba Mkenda msamaha mkuu mana ujuaji wako wewe bwana unachosha sana..Sijui ungekua na PhD ingekuaje sasa. Poteaaa!,NOT
 Zee la kutema machicha hahahaa,ABUSIVE
 kipindi chako cha ujana nadhani economy ilikua ndio bado change sana na opportunities zilikua nyingi a kujiajiri ile sasaivi serikali yenu imefanya swala ma kufungua tu biashara lies gumu sana hata za umachinga lazima mtu awe na kitambulisho,NOT
"Ukosefu wa ajira kwa vijana ni janga la dunia, siyo suala dogo, siyo suala la kwa kuwa unamchukia Kigwangalla basi unaingia mtandaoni kurusha mawe. Mi hayaniumizi hata kidogo, zaidi nakushangaa. Suala hili linataka mjadala mpana, wa kina na siyo matusi. #NjeYaBox #HK",NOT
 Maisha Yananishinda sasa;;,NOT
 Leo umeamka timamu,NOT
" Mheshimiwa, Vema ukaongelea hili jambo kwa busara zaidi. Kusema tu wananchi wajiajiri ni jambo rahisi lenye kuonesha hujali.",NOT
 hayo matusi uanayoyapata ukaru,NOT
!masikini akipata matako hulia bwatabwata!!!sio mm waswahili hao; @jwise017 mjadala pekee siyo suluhisho.,ABUSIVE
Tupeni suluhisho la kimkakati siyo  maneno maneno ya #NjeYaBox;;;;; SIKUIZI UMEKUA UNAJIBU KIFASAA THAT EVEN I WANTED TO SAY SOMETHING BAD BUT BY THE WAY YOU ARE WRITING MAKES ME CREATING A POWERFUL LEADER OF THE COMING DAYS.; Biashara zimezagaa mitaani watu wanafunga maduka hali ya maisha imekua ngumu badala tupatiwe maeneo maalm ya biashara tumetelekezwa mabarabarani ajali zetu vua yetu jua letu ni kwavile hakuna pakusemea mikopo inatufanya tunatelekeza familia zetu yanaumiza moyoni lakini watawala; Wewe sio Mara ya kwanza kutoa post za madharau,NOT
 Doctor By Proffessional Huwa unatoa Fact sanaa kiongoz God akusimamie Amen  ‚úä‚úäüí™üí™,NOT
 Wewe tayari ulishaweka msimamo wako acha kujikosha,NOT
 Matusi uliyaanza ww pale ulipotuambia tujiajiri wakati ww umeajiriwa. üëéüèΩü§Æ,NOT
 Lakini unafikiri mlioko kwenye madaraka mnapata tabu na shida tunazozipata sisi wa kuchimba mitaro na si rahisi saivi hata kupata kibarua cha kuchimba mtaro maana hali ngumu wanachimba wenyewe wewe matumizi yako ya siku kima cha chini 50000 ,NOT
 ugali uupatao wewe ni kwasabab umeajiriwa kisiasa. Acha wehu,ABUSIVE
 Ungekuwa huumii ungepost tena?,NOT
 sema Mh kwenye hili jitahidi sana uachane nalo ili kulinda dignity yako kwa kuwa watu mitaani washavulugwa sana na maisha.,NOT
; mliopata ajila mnasumbua watu,NOT
 Nikweli usemacho lkn watu wanakutusi the way ulivyo present mawazo yako mwanzo juu ya ajira kwa vijana,NOT
 Mh Hakuna anaye weza kukutukna utabaki tu kuwa Mh tu...naomba kazi kwako hata ya kuchunga mifugo,NOT
 anza kua ww vle unataka tuwe  jiajiri and then utushauri kujiajiri tutakuelewa üò¨üò¨ nafkiria msoto nnaokula kitaa na cheti changu kwa bag,NOT
 Hahahaha; This should be your first tweet,NOT
 Huo mjadala unafanyika wapi ......maana Watanzania siku hizi tumekuwa waoga wakusema,NOT
 Umenena vyema mh. Kigwangalla,NOT
 Acha kazi ujiajiri kama ni rahisi. Ukishindwa hilo usizungumzie kabsa Swala la kujiajiri. üöÆ,NOT
 Sina muda wa kubishana na takataka kama wewe ndo maana umetoroka kutibu ukaamua uungane na wapumbavu wenzio wewe niüöÆüöÆüöÆüöÆüöÆüöÆüöÆ,ABUSIVE
 Umeongea hoja ya msingi Sana mheshimiwa,NOT
 Akil una ww nyumbu,ABUSIVE
 Baada ya mjadala nini kinafuata? ü§î,NOT
 Mkuu kama unafahamu suala la ajira linahitaji mjadala mpana,NOT
 na nyinyi mnapokua bungeni/mitandaoni acheni kutoa majibu mepesi kuhusu hili suala la ukosefu wa ajira,NOT
 Yatakuumaje wakati hujui taabu wanayoipata vijana wasiokuwa na ajira na wanadaiwa na HESLB. Pia huwezi ku feel ile pinch wanayo I feel wasiokuwa na ajira. We si unayo but all in all one day Wote tutanyamaza,NOT
 Kuonesha unajali ungeachia iyo nafasi ukatumikia ulicho kisomea!,NOT
 Sahihi kabisa,NOT
 na mjadala yapaswa uanze kwa watawala,NOT
 watunga sera na mamlaka ya kufanya maamuzi. nasi tutawapa maoni;;,NOT
 Mheshimiwa kutusiana sio kuzuri Ila wahanga tunaomba muweze kutujadri wala mtubanebane kama vipindi vingine walivyofany hatukatai juhudi za kimaendeleo zinaonekana lakini je cc watoto was walala hoi elim imetusaidia kweli hii inakatisha tama,NOT
 Tutajiajiri bro kigwangalla usijali sisi ni vijana mtaji ni nguvu zetu#tutajiajiri tu hamna shda,NOT
 tumeshafikiria nje ya box#; Viongozi wa awamu hii mnaimba sana taarabu na kupiga vijembe mitandaoni,NOT
 mwenzio huko kapiga marufuku kujenga nyumba za mapaa marefu sijui yanamkera nini.;;;,NOT
 Achieni nafasi zenu nyie wazee ili vijana wapate ajira.,NOT
 NGONJERA,NOT
  naomba nikupe siri,NOT
  wanakuogopa ndio maana wanakutukana... Wangekuwa hawakuogopi wasingekutukana.;;;; Kaka kuna mambo mengine kama taifa hayahitaji nguvu nyingi Sana kufanya implementation. Hivi siasa za kistaarabu zinavyozidi kuishiwa pumzi hapa Tanzania nayo ni ya kusema ni janga la kidunia? Siasa ya TANZANIA ni fursa ya kutajirika haswa ukiwa CCM. Unatajirika kwa ahadi bandia; Nyumba bure,NOT
 Hakika sana,NOT
 Kama mheshimiwa unalijua hilo mbona umeandika kuhusu vijana kujiajiri badala ya kuangalia vijana wanajiajiri vip( source ya ajira),NOT
 Sijui unafeli wapiserekali ya CCM mmetusahau maskini ila  hata mkituacha tukifa njaa au tukiwa vichaa kisa ugumu wa maisha ninachofurahia tu Ni kwamba hivi vyote mtaviaacha mtakufa na sisi pia tutakufa na umaskini wetu,NOT
 sijui shida Ni ndevu au nn ,NOT
 Aliyekutuma tunamjua usitusumbua kichwa kama huwezi kuhimili mihemko pumzika kama kichaa mwenzio msiba,ABUSIVE
 Huwezi kuwa miongoni mwa watu wanaotakiwa kulijadili hili suala,NOT
 endelea kujilamba huko uliko; Ni kweli Dr. ila huku mtaani ni noma baba......;,NOT
 Kama ulijua linahitaji mjadara wa kitaifa Kwa nini ukihitimisha jambo hili bila mjadara huo? Acha wakurushie mawe tu,NOT
 ungekuja kutuonyesha sera ulizopanga ili kukuza ajira kwenye sector ya natural resources and tourism,NOT
 Kiongozi sijui ni mbinafsi!,NOT
 Kama hayakuumizi ucngekuja kujibu shida yako bado hujaelimik ila una elimu ya karatasi tu ambao hauna msaada wowote,NOT
; Kweli kabisaa mbaba,NOT
 Fanya mambo mengine issue za ajira achana nazo zitashusha cv yako,NOT
 Nenda Kanye huko,ABUSIVE
 Kumbe hadi viongozi wa kubwa kwenye nchi huwa wanaongea maneno wasiyoyafikiria kuwa nn Au kivipi yatachukuliwa na watu wanaowaongoza,NOT
 Yani tufanye mjadala mtu alierukwa akili,ABUSIVE
Bomu jipya; Ujadili na nani utatumbuliwa wajifanye unajisahaulisha serikali ya ccm na masifa Meko hawataki mjadala,NOT
uhuru wa kujieleza labda kajadili na Polepole na Bashiru hao ndio wanaruhusiwa kujadili wamsifuje mfalme katili.; Achana Nao...Kigwangwala Hajashushwa Kuwapa Watu Ajira,NOT
Wanataka nn Tena...Elimu Ni Ufunguo Wa Maisha Na siyo Ufunguo Wa Ajira; @FMagungu **JOB OPENING AT SIGNAGE WORKSHOP**,NOT
  sasa wao wakilalamika Ina maana tumeliwa!?  Au kazi imewashinda!? Tupokezane vijiti basi;;;,NOT
 Maneno matamu yanayotoka kwenye kinywa kichafu ni uchafu pia.,ABUSIVE
 How do we solve this problem.... From here now honor kigwangala,NOT
 Bro halikuumizi coz hili swala la ukosefu wa ajira kwa vijana zaidi ya miaka 5 sasa hali kugusi direct; mmmh kaa na bongo land yako,NOT
Na kadhalika...; Lakn Mh bora serikali ikatamka rasmi kwamba watu waache kusoma kwa sababu wanapoteza muda wao na pesa zao mtu amesoma zaidi ya miaka 20 lakn mwisho wa siku unaambiwa hakuna ajira ujiajiri hizo pesa ulipoteza si bora ungetumia kufanya biashara? Serikali itamke wazi watu wasisome;jambo hili linakera sana.;,NOT
 Swala la ajira ni la lazma na kama siyo lazma basi futeni kabisa mambo ya kuajiri ifahamike hivyo na serikali itamke wazi. Kwenye kampeni tusisikie mtu anajinadi kuhusu ajira ,NOT
 Tatizo mheshimiwa punguza ushamba na kuongea ongea maneno meeengi,NOT
" """"ubora wa maneno ni yale machache ambayo yana tija na ubora""""""""; Ww una uhakika ulivyoweka statment ulikuwa unalenga kuamsha mjadala?Hamna mtu ambaye hajui suala la ajira duniani zaidi vijana limekuwa janga kubwa.Lkn kwenye nchi zetu zinazokuwa ni rahisi sana kuapata wawekezaji coz bado mishahara yetu iko chini we must think in that direction.;",NOT
 Mimi bado naona ni unafiki mtupu,NOT
 kwasababu watoto zenu hawapitii tunayo pitia sisi ambao tunalipa kodi,NOT
ko solution ni kuweka mkakati utao ajiri watanzania sio kujadiliana na nyie mnakula kodi kila siku,NOT
Tatizo ndiyo mlango wa kuingia kwenye mafanikio ,NOT
Kwa nin uite janga wakati kujiajir kupo?; ro nikweri;;,NOT
 Njoo tujiajiri wote we c mzee wa field mbona huji kwenye field tu practice ulitishiwa kuchomolewa kaz ukapoteana,NOT
; Heh!!? Tunakuchukia tena?üò≤ ,NOT
 Hakuna anaekutukana kwakua unazungumzia swala la ajira ila tatizo kauli zako jinsi unavolizungumzia huzungumzi kisomi,NOT
" Daaah...! Mh,kivuli cha mti hakisaidii usiloe wakati wa mvua. Hakuna ulazima wa mtu kujua background yako ili achangie kwenye tweets zako.;",NOT
 Hakuna ulazima wa mtu kujua background yako ili achangie kwenye tweets zako.;,ABUSIVE
"Hujui mapito yangu, kwa hiyo na wewe kaa kimya, siyo kuthubutu kunifumba mdomo mimi. Usinichukulie poa dogo. Mimi sikufumbi mdomo but naku-engage. Kuwa mvumilivu, jadili kama Una hoja, kama mweupe, achana na mjadala huu, nenda kapambane na",NOT
"Shangazi, umenimiss eti huh? ",NOT
 Hahaa wamepoteana hawa watu adi huruma kile kihelehele chote kwisha na bado mpaka waombe poh piga kazi HK.; Dr kigwa naombanifungulie dms nliguswa na wazo lako la kujiajiri kunq jambo naomba nkushirikishe;,NOT
"Waajiri basi! Waajiriwa 1m, ajira 100,000, what‚Äôs your solution? Mimi nasema wachache wajiajiri ili waajiri wengine. Wewe unasemaje?",NOT
Ningekuwa na hasira nisingewajibu wapuuzi wa hapa! Ningewapuuza...I am also having some fan pengine kuliko hata wao üòÄ. I never take very seriously mijadala na BOTs ,ABUSIVE
"Magufuli ni No. 1 na amejijengea jina na heshma kubwa miongoni mwetu, kama unaona wivu jiue tu uondokane na adha hii ya kuona sura ya usiyempenda ",ABUSIVE
wewe k huna haya,ABUSIVE
kweli wewe ni sikio la kufa,NOT
Kwanii we iyoo k* yakoo huwaga una isafishaa kwel maana ,ABUSIVE
inakuaje kwa wanawake wanonuka ukeni na mwanaume kunuka jasho,ABUSIVE
Komaaaaaa na mtindi wako kama unanyonyesha paka wa bar!,ABUSIVE
Maji yenyewe yananuka,NOT
ata baba yk pia ita kua ana nuka,NOT
Imeandikwa MWANAUME atakula kwa JASHO??,NOT
"we ungekua haunuki ungekuwa unatiwa then unatupuliwa mbali,,,????",ABUSIVE
We unatafuta kiki hakuna kingine mpumbavu usiyejitambua,NOT
Wapwa kitu msijokijua kwangu ni kwamba mkijichanga kwa kunipa 10000 me d** namuua,ABUSIVE
kambale wewe kutoka mto Malagarasi,ABUSIVE
Utakua na nyota ya kondoo si bure,NOT
Malofa na wapumbavu tu watamuamini,ABUSIVE
zangumie kuomba mwanangu wakike mjamzito aruhusiwe kuendelea,NOT
Liokoeni Taifa kabla kuwa too late,ABUSIVE
wanafunga mitambo ya kuzima data mwezi wa #Uchaguzi2020 bado mitandao mengine na wao kutoa kisingizio hicho hicho,NOT
 Huduma kwa wateja uwa ni vilaza hawajuagi kitu labda kukwambia ubonyeze 1 kwa kiswahili na 0 Kwa kingereza,ABUSIVE
 mmenikera kwelikweli,NOT
 nao Kama maadui utavuna uadui na ukiishi nao Kama rafiki na ndugu utavyuna amani na furaha.,NOT
"Apambane tu maana duniani ni kupambana ili kuyashinda majarbu""",NOT
 Ni Kuvuja kwa mfumo wa upoozaji,NOT
hawazi hilo yupo busy kupambana na wapinzani badala ya kujali nchi na afya ya watanzania,ABUSIVE
 Bado kuna yule msomi wa darasa la saba yule Mbunge wa Bunda naye ni mjuvi wa mambo ya ubongo????,ABUSIVE
Mafala hawa wanateuana wauaji tupu..????,ABUSIVE
Tunaamini atasimamia Rasilimali hizi kwa moyo wote watanzania wafaidike.,ABUSIVE
"Vodacom wanatia kinyaa na laini yao nimeivunja, baada ya kutuibia kapewa ajira hatarii sana",ABUSIVE
kwanz waliashaanz wiz sku nying sana sasa muda wao umefka????,ABUSIVE
 Experience yake Ni over 45 years ??then how old is this gay?,ABUSIVE
 Kama waliweza kuiba kura watashindwa kuiba ,ABUSIVE
Gwajiboy enyewe amekaaa kiwiziwizi Sana,ABUSIVE
Kweli mungu si Athumani...unge skia wapinzani ndio wameibaa..??????,NOT
Wawe makini Nani ambaye ni mgeni hapo waanze kwanza kumkagua,NOT
Wameanza kukulana wenyewe kwa wenyewe Sasa. Maana hakuna upinzani watasema Nan ????,NOT
Haya Jangwani njia imefungwa maji kama maji yameletwa na wapinzani,NOT
 Kuna watu wanakenua kwenye pumba kama kama hizi yan,ABUSIVE
 Wana kawe tuna subuli kupelekwa marekani na mchungaj rashid,NOT
"Siku ya nne sina umeme,kwa SABABU ZA KIPUUZI tu",ABUSIVE
 Admin Bogus Kabisa????,ABUSIVE
Hahahaha we jamaa mchokozi san,NOT
Hawa wanafunzi wanaosoma Jalalani wanasumbua sana,ABUSIVE
 Coz anajua mwenye akili hawezi kutawaliwa kirahisi,ABUSIVE
Hawapendi kwasababu yeye hana hizo akili,NOT
Sifuri kichwani mpaka basi,ABUSIVE
Hii michumia tumbo,ABUSIVE
"Kaka naweza kutukana kwa kauli zao za choon,yaan midomo yao kama tundu la choo",ABUSIVE
 Yan mijitu mingine limejenga porin alf eti linaongea ujinga wake hapa,ABUSIVE
dah! Sasa hiyo ya kaburini hatutaweza shuhudia jomoni,NOT
Yaani watasema wachezaji 9 akiwemo kocha wana corona!,NOT
Ntashabikia vip CCM wewe ulisikia wapi yapigwe hamsa?????,NOT
Wewe sio mzaa lendo????,NOT
Tunisia piga hao Taifa staz goli za kutosha,NOT
Hili li mbuzi vipi?,ABUSIVE
MTANZANIA KUISHABIKIA TUNISIA HUO NI USHAMBA??????,NOT
Namba tufungwee goli 5 yani mkonooo,NOT
Naamini Bwana Mahera atatushangaza,NOT
yaan sitaki presha kabisaa shemasi,NOT
Tuweke Uzalendo Mbele Kwa Taifa.,NOT
CCM huwa wanaibaga chafuzi zote lakini huu wa mwaka huu wameiba kijinga sana na kipuuzi sana,ABUSIVE
I knew this man is empty headed and if full of ujinga ujinga... Sadly he came out at wrong time.. Pumbavu kabisa,ABUSIVE
,
malaya wa kihaya,ABUSIVE
Malaya mbovu mbona tunakujua,ABUSIVE
Malaya mzee bibi umechoka,ABUSIVE
Mbwa jike wewe!,ABUSIVE
mkundu unakuwasha wewe,ABUSIVE
msenge kazi kutukana wanaume kutwa,ABUSIVE
Nenda kajitombe unanuka k,ABUSIVE
Rambuza wewe nan asokujua,ABUSIVE
Shoga wewe kamtafute mtu akufire,ABUSIVE
umerogwa wewe sio bure,ABUSIVE
Unafirwa na manyani wewe,ABUSIVE
unatiwa halafu hauogi,ABUSIVE
unatombwa na farasi,ABUSIVE
wewe malaya jiheshimu,ABUSIVE
hanithi mkubwa wewe,ABUSIVE
Kinuka mkundu huna jipya,ABUSIVE
Kinuka uchi nenda kaoge baharini,ABUSIVE
kuma la babako wewe,ABUSIVE
Kuma Mamako heshimu watu!,ABUSIVE
kuma nina wewe babako wakike,ABUSIVE
Kuma nyeusi kama lami,ABUSIVE
kuma ya mama yako,ABUSIVE
kumambichi wewe huna haya,ABUSIVE
kumandizi tu ganda la jana,ABUSIVE
makende meusi kaoge,ABUSIVE
 akili ndogo sana huyu,ABUSIVE
akili mdundio kwendraaaaa!,ABUSIVE
Mpumbavu mkubwa,ABUSIVE
Mboro kibamia,ABUSIVE
mbolo tango mimi nitakuuwa,ABUSIVE
Kumanina zako,ABUSIVE
kuma nina wewe ,ABUSIVE
Kumamayo unatombwa,ABUSIVE
kuma mbuzi tu,ABUSIVE
wewe ni mjinga akili zero,ABUSIVE
kalogwa huyu sio bure,ABUSIVE
nzige wa chadema waache,ABUSIVE
mhuni mhuni waziri huyu,ABUSIVE
wewe zezeta kabisa,ABUSIVE
masikini matako huyu,ABUSIVE
waziri kituko sijawah ona,ABUSIVE
wanaume wananuka kawaogeshe,ABUSIVE
mtu wa ovyo huyu dah,ABUSIVE
waziri hovyo hili yaani,ABUSIVE
pumbafu wewe,ABUSIVE
panya buku wewe,ABUSIVE
kunguni wewe kaa utulie,ABUSIVE
mwizi wewe wa pesa za umma,ABUSIVE
"wapumbavu hutukana, mwereveu husikiliza",ABUSIVE
zee la kutema machicha,ABUSIVE
wapumbavu wenzio huko kawaaminishe,ABUSIVE
takataka wewe,ABUSIVE
akili huna wewe nyumbu,ABUSIVE
kichaa mwenzio wako lumumba,ABUSIVE
nenda kanye wewe utawaze,ABUSIVE
mtu alierukwa akili mwache,ABUSIVE
kinywa kichafu wewe jichunge ulimi wako,ABUSIVE
mdomo mkubwa wewe kama bakuli,ABUSIVE
mjinga huyu hajielewi,ABUSIVE
mtu mpumbavu huachwa,ABUSIVE
hayawani wewe,ABUSIVE
unanuka kikwapa nenda kule,ABUSIVE
inzi wa kijani huwa siwaelewi kabisa,ABUSIVE
wapuuzi hawa wameshiba kodi zetu,ABUSIVE
unaona wivu jiue tukuzike,ABUSIVE
mchamba mavi wewe,ABUSIVE
malaya wa kiume,ABUSIVE
kumamake wewe,ABUSIVE
wewe shoga tu tunakujua,ABUSIVE
msagaji mkubwa huna maana,ABUSIVE
mweusi kama giza la matakoni,ABUSIVE
msenge wewe umerudi tena,ABUSIVE
kichwa maji huyu mtu,ABUSIVE
roho mbaya wewe,ABUSIVE
wewe haunaga akili,ABUSIVE
kajambe ushuzi wewe,ABUSIVE
matako yako wewe km fungu la bamia,ABUSIVE
wanaonuka jasho wanafanyakazi,ABUSIVE
wenyewe mnanuka kuma hatusemi,ABUSIVE
wewe unanuka k mbona,ABUSIVE
wewe unanuka mkojo umejikojolea,ABUSIVE
utakua na ngoma wewe sio bure,ABUSIVE
mnanuka kuma sana tunawasitiri,ABUSIVE
hiki kizee kina nyege,ABUSIVE
takataka kabisa huyu mtu,ABUSIVE
huyu zuzu hajitambui,ABUSIVE
mbona unawashwa unataka kukunwa,ABUSIVE
zezeta la lumumba linawaka,ABUSIVE
wewe mbumbumbu pumzisha fuvu,ABUSIVE
akili kama fisi kazi kuwaza ufisadi,ABUSIVE
wewe ni shetani mkubwa,ABUSIVE
Chomeka vidole kwenye kuma yako unuse,ABUSIVE
Fala wewe nani kakwambia kukosa ajira uzembe,ABUSIVE
"idiot what the f**k, yaani ubunge sio ajira?",ABUSIVE
kafirwe sasa umeshachoka,ABUSIVE
Shenzi huyu kwanini umepita kwao,ABUSIVE
pumbu km una busha,ABUSIVE
Pumbafu nyamaza huna hoja,ABUSIVE
Ntakutomba mchana wewe shoga,ABUSIVE
Ntakufira ufirike malaya ww,ABUSIVE
Shirikisha Akili acha kutumia tumbo kufikiri heshimu utu wa watu,ABUSIVE
wewe mjinga sana,ABUSIVE
huyu bwege ana akili sana,ABUSIVE
Unafikili pesa zinatoka mkunduni?,ABUSIVE
unaogea perfume na bado unanuka mbona hatusemi,ABUSIVE
unafikiria kwa kutumia matako sio bure wewe,ABUSIVE
Wewe mbona tumepishana unanuka mkojo nkutangaze?,ABUSIVE
wewe nzi wa kijani tunakujua,ABUSIVE
Hawa nyumbu wa Chadema  wasumbufu sana,ABUSIVE
soft news. ni habari in Journalism tena habari inayifatiliwa sana,NOT
Kuna Hard News ndio hizo za maana Soft ni burudani na hizo umbea ndio soft na ndio zina fatiliwa sana online tv wan‚Ä¶ ,NOT
nope nataka mkera zaid ,NOT
ili nisije umia roho yangu ntashabikia Yanga na Simba zote üôè,NOT
Naumwa Kiuno utafikiri nataka kuzaa,NOT
The new instagram updates sucks,NOT
 Na ivo ulivo endelea kusubiria; Kwahiyo unajiuza? Na ni hela kiasi gani unataka? Kuna down payment watu wanaweza fanya?;,NOT
 Na wewe utaishilia kutombwa mpaka uzee,ABUSIVE
 Katika hao vijana wewe upo kundi la Babayo Mkubwa!!?; Hahaha endelea kutupostia mpododo wako..,ABUSIVE
 Sikomi me nakuchana kenge ww na ndio maana  alikuchezea tuüë∫üë∫üë∫;,
 Mawazo yako ya kihabakahaba tu ebu kwendraaa zako watu tuko busy na maisha hapaüë∫üë∫üë∫;,ABUSIVE
" Anayaweza mapenzi,Kitandani sio gogo Afu kimaumbile hajatepeta,Usafi wa kuma.
",ABUSIVE
Im crazy yes ... i don need shobo. Im straight ,ABUSIVE
sana ... mkojo huwa unanitoka kwa katerero ,ABUSIVE
angalia nikielezea matatizo Yangu ya Uzazi hapa yan adi nimelia ila Inshallah one day Yes ,ABUSIVE
"joto, kishimo kidogo, kiuno lain, namna anavyo guna show ikianza, usafi, mshapu wa kufuta",ABUSIVE
"Kwanza joto sio Mwanamke anakuwa wa baridi Kama pweza ,pili hata mzaingira ya zakali yamekaa kiaina sio imelegea utafikili nyama iliyolala siku nne buchani",ABUSIVE
Inakumbatia;Inanyonya mboo yani,ABUSIVE
Maswali mengine muwe mnauliza wazazi wenu kama babayako,ABUSIVE
wanawake watamu niyule anaekufanya kufurahia tendo kwakias kikubwa bila ya mwanaume kuhangaika,NOT
wanawake wengine kitandani km umelaza engine hapo kugeuka mpka usukume,NOT
Kuna mnatooo mnatooo kuna k yake kubana,ABUSIVE
Huwa tunamaanisha ww haupo kwenye hyo list ya wanawake watamu,NOT
Kuna mtu ame kwambia kuwa we mtamu nin,NOT
Naona kuna mwamba alikusifia sasa unataka kujua utamu wako uko wap,NOT
Puchi yake inavuta ?? kwa ndani,ABUSIVE
"Mtoto anajituma,afu taiti kimanzi siyo kuma bwawa",ABUSIVE
"Akiwa na kuma mnato, akiwa hanuki ",ABUSIVE
"hatoi harufu chafu, maneno yake yakubembeleza, sauti ya mahaba.... huu ndo utam sasa",NOT
Nmeona ile clip halima mdee kakataa kumpa mkono ?????? binafsi hakuna uadui wa kudumu katika siasa acheni maisha yaendelee,NOT
"Sasa huu Ni upuuzi yaani unamshitaki baba ako,,, okay sawa anafungwa tuone utakula nini??????????",NOT
"Aombe hadharani asaidiwe kulea tena aombe kwa kupiga magoti tutamuelewa, RUBISH""",NOT
"Wanajikuta wasafi, kumbe ndo wafiraji wa kwanza ????",ABUSIVE
"Hata nyie ameshawakwama koon,nini..!!!? ?? ??",NOT
 Halafu mnatukataza tuache kutumia mkaa takataka,NOT
Nzi asiyeweza kuruka wewe utakufa,ABUSIVE
huyu Nguruwe mwitu nayeye,ABUSIVE
matendegu yako nitolee hapa,ABUSIVE
pesa kidogo tu unafokea raia,NOT
mjinga huyu hajielewi mwacheni,ABUSIVE
sasa huyo demu kifua kimevurugika kabisa anataka mia kweli tumefika sehemu mbaya,ABUSIVE
Benjamin Mendy ni mavi sana ??,ABUSIVE
hivi wewe unanyoa hata mavuzi au ndo hata Khaionekani,ABUSIVE
asilimia 90 ya watanzania tumeongeza msamiati mpya #mediocre,ABUSIVE
SICHEZI NA DADA ZANGU NACHEZA NA DADA ZAKO ???????? mixaaaaa Mkongítooo,NOT
Atakae Muona mbuzi kavaa Jezi ya man Utd aniambie - Mediocre,ABUSIVE
huyu mbuge ni kibaka kabisa,ABUSIVE
nitolee ushuzi hapa kajambe huko,ABUSIVE
unaleta pumba zako hapa kafie mbali,ABUSIVE
wewe nyumbu wa chadema akili huna,ABUSIVE
 unanukia kwa kuwa unaogea perfume,ABUSIVE
paka shume huyu kazi kujiuza tu,ABUSIVE
kicwa kikubwa akili huna,ABUSIVE
utaishia kutombwa na kila mwanaume na hauolewi,ABUSIVE
mwanamke matiti kama unanyonyesha paka una uzuri gani,ABUSIVE
Kinuka uchi nenda kaoge baharini,ABUSIVE
mwanaume kibamia kama cha lemtuz,ABUSIVE
wanawake wote mnanuka kuma mbona tunawasitir tu,ABUSIVE
wanaume muwe mnapiga mswaki mnanuka midomo,ABUSIVE
wajinga ndio waliwao,NOT
kichwa nazi huyu,ABUSIVE
wanaume wote ni mbwa,ABUSIVE
kuma matope ni tamu sana,ABUSIVE
umalaya kufirana ndio raha,ABUSIVE
kufirwe na wewe si una tundu nyuma,ABUSIVE
"Lakini nikukumbushe kuwa kutafuti kubwa sana kati ya mwizi na jambazi, wewe ni jambazi kaka",ABUSIVE
Una akili mgando wewe Kwanzaa unajiuza million 500 unafikili kwa mahali hiyo utaacha kutumikishwa na kugeuzwa mbele nyuma. ,ABUSIVE
pilipili usiyoila yakuwashia nin?,ABUSIVE
 Ungekuwa unafanya hivyi usingekuwa unanuka K na mdomo????,ABUSIVE
"Kila siku unatutukana, hatuna muda na wewe kikaragosi",ABUSIVE
takataka kabisa huyu mwanamke ??????????????????????????????,ABUSIVE
Nyonya mboo mfululizo kwa week Kila unapoingia kulala ngoma inazima ,ABUSIVE
Nyonyaa mboo??mpk ashushe alf usiteme meza kabsaa utapona,ABUSIVE
Toa papa watu wainyandue,ABUSIVE
Yan ww every after 5 min unanuka dada angu acha maringo me ntanuka jasho ww utanuka hd pu**,ABUSIVE
kinuka papuchi wewe,ABUSIVE
" Fuckin,unadhani hzo ela tunazikojoa",ABUSIVE
 We unaejishaua hapo unaweza ukajikuta kila dakika unajipulizia unyunyu kwasbb unanuka na kila dakika unatokwa maji chini,ABUSIVE
 We unapenda kunukia sn kwa umeolewa na jini???,ABUSIVE
Hiki kizee kina nyege sana Pole aisee,ABUSIVE
 Itakua katoka kumkaza demu mwenzio maana sikuizi mnanuka naili jua,ABUSIVE
That's your type you bitch! Toka hapa,ABUSIVE
Hao wanaume wanaonuka unakutanao wapi Kama sio mdangaji??????usitangaze ujinga wako hadharani,ABUSIVE
 tunanuka pumbu jua kali achana na sisi,ABUSIVE
Toka wamemkwich kwich na baba Lao wakamwambia ananuka sahv anawaona wanaume wote wabaya,ABUSIVE
 Mbona na ww unanuka atusemi,ABUSIVE
?????????????? ???????????????? ?????????????? ???? ?????? ???????????? ???????????? ???????? ?????? ?????? ???? ????????????????,ABUSIVE
nawashangaa wanakomaa kukujibu we mbuzi,ABUSIVE
"Falaaaaaaaa divaaaaaa, mbon juzi ulikuwa unanuka sikukwambia",ABUSIVE
Weweambaye unanuka K....??,ABUSIVE
Frustration and loneliness havitakuacha salama.,NOT
Ungejaribu kuchunguza vizuri chupi yako huwenda ilikuwa imekaa vibaya ndo mana harufu,ABUSIVE
"kuwa mkweli Dada. Unapigwa"""" dungus"""" na wanuka vikwapa siku hizi",ABUSIVE
Umeisha wewe huna lolote miguu utafikiri ni meddie kagere.,ABUSIVE
 Huyu limbukeni kachanganyikiwa??????,ABUSIVE
"Afadhari hata sisi vidume,weeusipoosha hilo shimo kwa kutwa moja tuu yao viza linaafadhari",ABUSIVE
eeeeeeh dah qumqqqqqqqqkkk nyokoooo,ABUSIVE
" Itakua kuma yako ndo ilikua inanuka, yaan nipo kwenye mchakato wa kukupata hata kwa ma  milioni lengo nikudhalilishe fala wew",ABUSIVE
jicho lako basi ukitambua ivyo ata wwe unanuka cozi kilamwana damu na halufu yake ya mwili jinuse na wwe,ABUSIVE
Yaani wewe kwa jinsi unavyofatilia harufu za wanaume ungekuwa jeshini ungekuwa kwenye kikosi cha mbwa,ABUSIVE
Haohao ndo wanakugeuza ww,ABUSIVE
Ata uwe msafi vp UKIJAMBA UWEZIKUVUA NGUO usiukumu wengine,ABUSIVE
Mfu ulie hai unajiona kana kwamba baba ako alichangia miti wakati Mungu anaumba mbingu na ardhi na vilivyomo,ABUSIVE
Tena ww ukishinda juani kutwa sipat picha shombo lake,ABUSIVE
malaya,ABUSIVE
Malaya mbovu,ABUSIVE
Malaya mzee,ABUSIVE
Mbwa jike wewe!,ABUSIVE
mkundu,ABUSIVE
msenge,ABUSIVE
Nenda kajitombe,ABUSIVE
Rambuza,NOT
Shoga wewe,ABUSIVE
umerogwa,ABUSIVE
Unafirwa,ABUSIVE
unatiwa,ABUSIVE
unatombwa na farasi,ABUSIVE
wewe malaya,ABUSIVE
hanithi,ABUSIVE
Kinuka mkundu,ABUSIVE
Kinuka uchi,ABUSIVE
kuma la babako,ABUSIVE
Kuma Mamako!,ABUSIVE
kuma nina,ABUSIVE
Kuma nyeusi,ABUSIVE
kuma ya mama yako,ABUSIVE
kumambichi,ABUSIVE
kumandizi,ABUSIVE
makende,ABUSIVE
 akili ndogo,ABUSIVE
akili mdundio,ABUSIVE
Mpumbavu,ABUSIVE
Mboro,ABUSIVE
mbolo,ABUSIVE
Kumanina,ABUSIVE
kuma nina,ABUSIVE
Kumamayo,ABUSIVE
kuma mbuzi,ABUSIVE
wewe ni mjinga,ABUSIVE
kalogwa huyu,ABUSIVE
nzige wa chadema,ABUSIVE
mhuni mhuni,ABUSIVE
wewe zezeta,ABUSIVE
masikini matako huyu,ABUSIVE
waziri kituko,ABUSIVE
wanaume wananuka,ABUSIVE
mtu wa ovyo,ABUSIVE
waziri hovyo,ABUSIVE
pumbafu,ABUSIVE
panya buku wewe,ABUSIVE
kunguni wewe,ABUSIVE
mwizi wewe,ABUSIVE
wapumbavu hutukana,ABUSIVE
zee la kutema machicha,ABUSIVE
wapumbavu wenzio,ABUSIVE
takataka wewe,ABUSIVE
akili huna wewe nyumbu,ABUSIVE
kichaa mwenzio,ABUSIVE
nenda kanye wewe,ABUSIVE
mtu alierukwa akili,ABUSIVE
kinywa kichafu wewe,ABUSIVE
mdomo mkubwa wewe,ABUSIVE
mjinga huyu,ABUSIVE
mtu mpumbavu,ABUSIVE
hayawani wewe,ABUSIVE
unanuka kikwapa,ABUSIVE
inzi wa kijani,ABUSIVE
wapuuzi hawa,ABUSIVE
unaona wivu jiue,ABUSIVE
mchamba mavi wewe,ABUSIVE
malaya wa kiume,ABUSIVE
kumamake wewe,ABUSIVE
wewe shoga tu,ABUSIVE
msagaji mkubwa ,ABUSIVE
giza la matakoni,ABUSIVE
msenge wewe,ABUSIVE
kichwa maji,ABUSIVE
roho mbaya wewe,ABUSIVE
wewe haunaga akili,ABUSIVE
ushuzi wewe,ABUSIVE
matako yako wewe,ABUSIVE
wanaonuka jasho,ABUSIVE
wenyewe mnanuka,ABUSIVE
wewe unanuka,ABUSIVE
wewe unanuka mkojo,ABUSIVE
utakua na ngoma wewe,ABUSIVE
mnanuka kum,ABUSIVE
hiki kizee kina nyege,ABUSIVE
takataka za dampo,NOT
huyu zuzu,ABUSIVE
mbona unawashwa,ABUSIVE
zezeta la lumumba,ABUSIVE
wewe mbumbumbu,ABUSIVE
akili kama fisi,ABUSIVE
wewe ni shetani,ABUSIVE
Chomeka vidole kwenye kuma yako,ABUSIVE
Fala,ABUSIVE
idiot,ABUSIVE
kafirwe,ABUSIVE
Shenzi,ABUSIVE
pumbu,ABUSIVE
Pumbafu,ABUSIVE
Ntakutomba,ABUSIVE
Ntakufira,ABUSIVE
 tunanuka pumbu jua kali achana na sisi,ABUSIVE
havitakuacha salama.,NOT
Umeisha wewe huna lolote miguu utafikiri ni Mk,ABUSIVE
eeeeeeh dah qumqqqqqqqqkkk nyokoooo,ABUSIVE
